datetime,open,high,low,close,volume
2026-02-01T22:00:00+00:00,1.184389999999999,1.184519999999999,1.183619999999999,1.184059999999999,2034.087751438486
2026-02-01T23:00:00+00:00,1.184059999999999,1.184939999999999,1.183199999999999,1.1838699999999989,10213
2026-02-02T00:00:00+00:00,1.1838699999999989,1.1867199999999989,1.1838699999999989,1.185919999999999,16103
2026-02-02T01:00:00+00:00,1.185919999999999,1.186499999999999,1.184529999999999,1.1863099999999989,16054
2026-02-02T02:00:00+00:00,1.1863099999999989,1.186729999999999,1.185539999999999,1.185549999999999,10565
2026-02-02T03:00:00+00:00,1.185549999999999,1.1864399999999988,1.185539999999999,1.185649999999999,6447
2026-02-02T04:00:00+00:00,1.185649999999999,1.186519999999999,1.185029999999999,1.185569999999999,6221
2026-02-02T05:00:00+00:00,1.185569999999999,1.185619999999999,1.183339999999999,1.184319999999999,7222
2026-02-02T06:00:00+00:00,1.184319999999999,1.1847099999999988,1.183569999999999,1.184619999999999,12202
2026-02-02T07:00:00+00:00,1.184619999999999,1.1855999999999989,1.1844099999999989,1.184589999999999,11446
2026-02-02T08:00:00+00:00,1.184589999999999,1.185909999999999,1.183609999999999,1.184319999999999,13237
2026-02-02T09:00:00+00:00,1.184319999999999,1.1857599999999988,1.183709999999999,1.185469999999999,12328
2026-02-02T10:00:00+00:00,1.185469999999999,1.186289999999999,1.185109999999999,1.185719999999999,10120
2026-02-02T11:00:00+00:00,1.185719999999999,1.1863799999999989,1.1852899999999988,1.185709999999999,9171
2026-02-02T12:00:00+00:00,1.185709999999999,1.186259999999999,1.183549999999999,1.184229999999999,10363
2026-02-02T13:00:00+00:00,1.184229999999999,1.184289999999999,1.1810499999999988,1.1813299999999989,14547
2026-02-02T14:00:00+00:00,1.1813299999999989,1.182249999999999,1.179779999999999,1.1813299999999989,16231
2026-02-02T15:00:00+00:00,1.1813299999999989,1.1813299999999989,1.178289999999999,1.178489999999999,26538
2026-02-02T16:00:00+00:00,1.178489999999999,1.180019999999999,1.178289999999999,1.179889999999999,16181
2026-02-02T17:00:00+00:00,1.179889999999999,1.180489999999999,1.1787499999999989,1.179239999999999,12132
2026-02-02T18:00:00+00:00,1.179239999999999,1.179369999999999,1.176999999999999,1.1772199999999988,10187
2026-02-02T19:00:00+00:00,1.1772199999999988,1.178389999999999,1.1768499999999988,1.178119999999999,7055
2026-02-02T20:00:00+00:00,1.178119999999999,1.1784799999999989,1.177279999999999,1.178399999999999,5708
2026-02-02T21:00:00+00:00,1.178399999999999,1.178699999999999,1.1780999999999988,1.1783099999999989,3239
2026-02-02T22:00:00+00:00,1.1783099999999989,1.178489999999999,1.1777999999999988,1.178079999999999,5475.51254906248
2026-02-02T23:00:00+00:00,1.178079999999999,1.179149999999999,1.177969999999999,1.179139999999999,2257
2026-02-03T00:00:00+00:00,1.179139999999999,1.179969999999999,1.179069999999999,1.179889999999999,4236
2026-02-03T01:00:00+00:00,1.179889999999999,1.180739999999999,1.179409999999999,1.180649999999999,5579
2026-02-03T02:00:00+00:00,1.180649999999999,1.180699999999999,1.179339999999999,1.179409999999999,3841
2026-02-03T03:00:00+00:00,1.179409999999999,1.180519999999999,1.179349999999999,1.180189999999999,5226
2026-02-03T04:00:00+00:00,1.180189999999999,1.180909999999999,1.180139999999999,1.180179999999999,3543
2026-02-03T05:00:00+00:00,1.180179999999999,1.180579999999999,1.179739999999999,1.180149999999999,3060
2026-02-03T06:00:00+00:00,1.180149999999999,1.180899999999999,1.180049999999999,1.180639999999999,4598
2026-02-03T07:00:00+00:00,1.180639999999999,1.181699999999999,1.180249999999999,1.180779999999999,8962
2026-02-03T08:00:00+00:00,1.180779999999999,1.181199999999999,1.179629999999999,1.1805499999999989,9796
2026-02-03T09:00:00+00:00,1.1805499999999989,1.180879999999999,1.178469999999999,1.178479999999999,10719
2026-02-03T10:00:00+00:00,1.178479999999999,1.179269999999999,1.177929999999999,1.177969999999999,6913
2026-02-03T11:00:00+00:00,1.177969999999999,1.178739999999999,1.177519999999999,1.177979999999999,7139
2026-02-03T12:00:00+00:00,1.177979999999999,1.179279999999999,1.177929999999999,1.178919999999999,6869
2026-02-03T13:00:00+00:00,1.178919999999999,1.179929999999999,1.178519999999999,1.178859999999999,9605
2026-02-03T14:00:00+00:00,1.178859999999999,1.179379999999999,1.177269999999999,1.178349999999999,14103
2026-02-03T15:00:00+00:00,1.178349999999999,1.180619999999999,1.177869999999999,1.180559999999999,15782
2026-02-03T16:00:00+00:00,1.180559999999999,1.181399999999999,1.180269999999999,1.181039999999999,11174
2026-02-03T17:00:00+00:00,1.181039999999999,1.182159999999999,1.180619999999999,1.1808899999999989,10561
2026-02-03T18:00:00+00:00,1.1808899999999989,1.181509999999999,1.180159999999999,1.180159999999999,9975
2026-02-03T19:00:00+00:00,1.180159999999999,1.180969999999999,1.179839999999999,1.180599999999999,8327
2026-02-03T20:00:00+00:00,1.180599999999999,1.181439999999999,1.1802099999999989,1.181369999999999,5230
2026-02-03T21:00:00+00:00,1.181369999999999,1.181789999999999,1.180939999999999,1.180939999999999,3118
2026-02-03T22:00:00+00:00,1.180939999999999,1.181289999999999,1.180509999999999,1.180889999999999,3155.1950496679656
2026-02-03T23:00:00+00:00,1.180889999999999,1.181359999999999,1.1805599999999992,1.180899999999999,1593
2026-02-04T00:00:00+00:00,1.180899999999999,1.181079999999999,1.1802199999999992,1.1807599999999991,3754
2026-02-04T01:00:00+00:00,1.1807599999999991,1.182529999999999,1.180579999999999,1.181939999999999,5763
2026-02-04T02:00:00+00:00,1.181939999999999,1.182509999999999,1.1812299999999991,1.181559999999999,4208
2026-02-04T03:00:00+00:00,1.181559999999999,1.1821499999999991,1.181409999999999,1.1820499999999992,3512
2026-02-04T04:00:00+00:00,1.1820499999999992,1.182919999999999,1.1818799999999992,1.182889999999999,3138
2026-02-04T05:00:00+00:00,1.182889999999999,1.182939999999999,1.1823899999999992,1.182629999999999,2622
2026-02-04T06:00:00+00:00,1.182629999999999,1.1829599999999991,1.182229999999999,1.182299999999999,3965
2026-02-04T07:00:00+00:00,1.182299999999999,1.1827299999999992,1.181729999999999,1.182529999999999,6448
2026-02-04T08:00:00+00:00,1.182529999999999,1.1831299999999991,1.181699999999999,1.182199999999999,8790
2026-02-04T09:00:00+00:00,1.182199999999999,1.182609999999999,1.180459999999999,1.1806899999999991,7297
2026-02-04T10:00:00+00:00,1.1806899999999991,1.181119999999999,1.1798099999999991,1.1806899999999991,6324
2026-02-04T11:00:00+00:00,1.1806899999999991,1.180889999999999,1.179929999999999,1.180359999999999,5982
2026-02-04T12:00:00+00:00,1.180359999999999,1.1818399999999991,1.180289999999999,1.181499999999999,5380
2026-02-04T13:00:00+00:00,1.181499999999999,1.1820499999999992,1.180459999999999,1.181589999999999,10656
2026-02-04T14:00:00+00:00,1.181589999999999,1.1819099999999991,1.179589999999999,1.1807299999999992,16053
2026-02-04T15:00:00+00:00,1.1807299999999992,1.181549999999999,1.1786599999999992,1.178969999999999,18769
2026-02-04T16:00:00+00:00,1.178969999999999,1.1799099999999991,1.178379999999999,1.1796099999999992,14191
2026-02-04T17:00:00+00:00,1.1796099999999992,1.180839999999999,1.1787299999999992,1.1790999999999991,13140
2026-02-04T18:00:00+00:00,1.1790999999999991,1.1795099999999992,1.1788299999999992,1.179429999999999,7296
2026-02-04T19:00:00+00:00,1.179429999999999,1.180289999999999,1.178769999999999,1.180259999999999,7814
2026-02-04T20:00:00+00:00,1.180259999999999,1.180309999999999,1.179499999999999,1.179699999999999,3563
2026-02-04T21:00:00+00:00,1.179699999999999,1.1801499999999991,1.179579999999999,1.180039999999999,2849
2026-02-04T22:00:00+00:00,1.180039999999999,1.1800499999999992,1.179519999999999,1.179769999999999,957
2026-02-04T23:00:00+00:00,1.179769999999999,1.180089999999999,1.179359999999999,1.179479999999999,1636
2026-02-05T00:00:00+00:00,1.179479999999999,1.179799999999999,1.179289999999999,1.1797799999999992,3043
2026-02-05T01:00:00+00:00,1.1797799999999992,1.180169999999999,1.1795399999999991,1.179719999999999,3991
2026-02-05T02:00:00+00:00,1.179719999999999,1.1798799999999992,1.177789999999999,1.177899999999999,8156
2026-02-05T03:00:00+00:00,1.177899999999999,1.178439999999999,1.1776099999999992,1.178269999999999,6119
2026-02-05T04:00:00+00:00,1.178269999999999,1.178439999999999,1.177999999999999,1.178099999999999,2466
2026-02-05T05:00:00+00:00,1.178099999999999,1.178369999999999,1.177769999999999,1.1783499999999991,2494
2026-02-05T06:00:00+00:00,1.1783499999999991,1.178509999999999,1.177799999999999,1.178369999999999,4577
2026-02-05T07:00:00+00:00,1.178369999999999,1.179689999999999,1.178369999999999,1.179219999999999,6646
2026-02-05T08:00:00+00:00,1.179219999999999,1.1802199999999992,1.1788999999999992,1.179629999999999,8675
2026-02-05T09:00:00+00:00,1.179629999999999,1.179629999999999,1.177359999999999,1.177389999999999,8772
2026-02-05T10:00:00+00:00,1.177389999999999,1.1785199999999991,1.1773699999999991,1.1781199999999992,4958
2026-02-05T11:00:00+00:00,1.1781199999999992,1.178869999999999,1.1779499999999992,1.178709999999999,4996
2026-02-05T12:00:00+00:00,1.178709999999999,1.179699999999999,1.1778799999999991,1.179289999999999,16652
2026-02-05T13:00:00+00:00,1.179289999999999,1.180879999999999,1.178409999999999,1.1805199999999991,18851
2026-02-05T14:00:00+00:00,1.1805199999999991,1.181519999999999,1.178889999999999,1.179109999999999,23431
2026-02-05T15:00:00+00:00,1.179109999999999,1.180499999999999,1.177519999999999,1.178479999999999,22684
2026-02-05T16:00:00+00:00,1.178479999999999,1.179679999999999,1.177839999999999,1.1794699999999991,13257
2026-02-05T17:00:00+00:00,1.1794699999999991,1.179769999999999,1.1789299999999991,1.179429999999999,7161
2026-02-05T18:00:00+00:00,1.179429999999999,1.179629999999999,1.178539999999999,1.178679999999999,4387
2026-02-05T19:00:00+00:00,1.178679999999999,1.179079999999999,1.178599999999999,1.1787599999999991,4285
2026-02-05T20:00:00+00:00,1.1787599999999991,1.178809999999999,1.177319999999999,1.177429999999999,5006
2026-02-05T21:00:00+00:00,1.177429999999999,1.1777799999999992,1.176809999999999,1.177049999999999,4122
2026-02-05T22:00:00+00:00,1.177049999999999,1.177559999999999,1.176949999999999,1.1773699999999991,829.4686941940868
2026-02-05T23:00:00+00:00,1.1773699999999991,1.1774399999999992,1.1768699999999992,1.1770299999999991,2626
2026-02-06T00:00:00+00:00,1.1770299999999991,1.1777099999999991,1.175939999999999,1.177669999999999,7429
2026-02-06T01:00:00+00:00,1.177669999999999,1.178199999999999,1.177249999999999,1.177899999999999,6047
2026-02-06T02:00:00+00:00,1.177899999999999,1.178539999999999,1.1778499999999992,1.178139999999999,4646
2026-02-06T03:00:00+00:00,1.178139999999999,1.1784299999999992,1.177939999999999,1.178139999999999,2480
2026-02-06T04:00:00+00:00,1.178139999999999,1.179009999999999,1.1780899999999992,1.178889999999999,2333
2026-02-06T05:00:00+00:00,1.178889999999999,1.179519999999999,1.1788599999999991,1.1792099999999992,2596
2026-02-06T06:00:00+00:00,1.1792099999999992,1.179559999999999,1.178819999999999,1.179089999999999,4655
2026-02-06T07:00:00+00:00,1.179089999999999,1.1791399999999992,1.1782499999999991,1.1785299999999992,4749
2026-02-06T08:00:00+00:00,1.1785299999999992,1.1789599999999991,1.1779499999999992,1.178609999999999,7940
2026-02-06T09:00:00+00:00,1.178609999999999,1.1791999999999991,1.1783899999999992,1.178579999999999,6141
2026-02-06T10:00:00+00:00,1.178579999999999,1.179359999999999,1.1783599999999992,1.1785899999999991,4719
2026-02-06T11:00:00+00:00,1.1785899999999991,1.178709999999999,1.1779499999999992,1.178399999999999,5496
2026-02-06T12:00:00+00:00,1.178399999999999,1.178709999999999,1.178199999999999,1.178649999999999,5027
2026-02-06T13:00:00+00:00,1.178649999999999,1.1804899999999992,1.178609999999999,1.180409999999999,7093
2026-02-06T14:00:00+00:00,1.180409999999999,1.1820099999999991,1.180369999999999,1.181449999999999,11162
2026-02-06T15:00:00+00:00,1.181449999999999,1.181789999999999,1.179889999999999,1.1813099999999992,12080
2026-02-06T16:00:00+00:00,1.1813099999999992,1.1815399999999991,1.1803899999999992,1.180609999999999,8506
2026-02-06T17:00:00+00:00,1.180609999999999,1.181449999999999,1.1803899999999992,1.181179999999999,4816
2026-02-06T18:00:00+00:00,1.181179999999999,1.181669999999999,1.1811399999999992,1.181279999999999,3365
2026-02-06T19:00:00+00:00,1.181279999999999,1.1815099999999992,1.180839999999999,1.1813099999999992,3330
2026-02-06T20:00:00+00:00,1.1813099999999992,1.181659999999999,1.1812099999999992,1.181599999999999,2830
2026-02-06T21:00:00+00:00,1.181599999999999,1.1817799999999992,1.180649999999999,1.1807999999999992,2174.1525402878583
2026-02-08T22:00:00+00:00,1.1807999999999992,1.1812699999999992,1.1807299999999992,1.1811799999999992,1106.4671113630577
2026-02-08T23:00:00+00:00,1.1811799999999992,1.1826099999999993,1.180779999999999,1.1824899999999992,5022
2026-02-09T00:00:00+00:00,1.1824899999999992,1.1831799999999992,1.1822199999999992,1.1829099999999992,6932
2026-02-09T01:00:00+00:00,1.1829099999999992,1.1831799999999992,1.1822899999999992,1.1823899999999992,5793
2026-02-09T02:00:00+00:00,1.1823899999999992,1.1823999999999992,1.1814199999999992,1.1817899999999992,3826
2026-02-09T03:00:00+00:00,1.1817899999999992,1.1823199999999991,1.1816599999999993,1.1817199999999992,2893
2026-02-09T04:00:00+00:00,1.1817199999999992,1.182509999999999,1.1817199999999992,1.1824699999999992,1911
2026-02-09T05:00:00+00:00,1.1824699999999992,1.183459999999999,1.1823999999999992,1.1831499999999993,2475
2026-02-09T06:00:00+00:00,1.1831499999999993,1.185599999999999,1.1831299999999991,1.185019999999999,11457
2026-02-09T07:00:00+00:00,1.185019999999999,1.1858199999999992,1.1845299999999992,1.1854099999999992,8283
2026-02-09T08:00:00+00:00,1.1854099999999992,1.1863199999999992,1.1849999999999992,1.1862499999999991,9025
2026-02-09T09:00:00+00:00,1.1862499999999991,1.1868099999999993,1.1858399999999991,1.186039999999999,6318
2026-02-09T10:00:00+00:00,1.186039999999999,1.1867999999999992,1.1853199999999993,1.1858399999999991,7969
2026-02-09T11:00:00+00:00,1.1858399999999991,1.1870299999999991,1.185389999999999,1.186749999999999,8516
2026-02-09T12:00:00+00:00,1.186749999999999,1.1881199999999992,1.186749999999999,1.1879599999999992,7017
2026-02-09T13:00:00+00:00,1.1879599999999992,1.1903999999999992,1.1879599999999992,1.1901899999999992,14865
2026-02-09T14:00:00+00:00,1.1901899999999992,1.1916699999999991,1.1901099999999991,1.191659999999999,17712
2026-02-09T15:00:00+00:00,1.191659999999999,1.1924999999999992,1.1901599999999992,1.1910399999999992,14973
2026-02-09T16:00:00+00:00,1.1910399999999992,1.1916099999999992,1.189119999999999,1.1895799999999992,9929
2026-02-09T17:00:00+00:00,1.1895799999999992,1.190919999999999,1.189559999999999,1.1906899999999991,5194
2026-02-09T18:00:00+00:00,1.1906899999999991,1.191559999999999,1.1901799999999991,1.191429999999999,5593
2026-02-09T19:00:00+00:00,1.191429999999999,1.1920599999999992,1.1910699999999992,1.1918599999999993,4453
2026-02-09T20:00:00+00:00,1.1918599999999993,1.1919599999999992,1.1912299999999991,1.1912999999999991,3524
2026-02-09T21:00:00+00:00,1.1912999999999991,1.191429999999999,1.1908799999999993,1.1912499999999993,2976
2026-02-09T22:00:00+00:00,1.1912499999999993,1.1912499999999993,1.190549999999999,1.1909399999999992,992.592003966234
2026-02-09T23:00:00+00:00,1.1909399999999992,1.191359999999999,1.190039999999999,1.1902499999999991,1981
2026-02-10T00:00:00+00:00,1.1902499999999991,1.190439999999999,1.1897399999999991,1.190059999999999,3853
2026-02-10T01:00:00+00:00,1.190059999999999,1.1909299999999992,1.1895499999999992,1.1904599999999992,4768
2026-02-10T02:00:00+00:00,1.1904599999999992,1.1913299999999991,1.1904599999999992,1.191249999999999,3397
2026-02-10T03:00:00+00:00,1.191249999999999,1.191589999999999,1.1908899999999991,1.1910299999999991,3666
2026-02-10T04:00:00+00:00,1.1910299999999991,1.1911699999999992,1.190479999999999,1.1905899999999991,2234
2026-02-10T05:00:00+00:00,1.1905899999999991,1.1909399999999992,1.1902599999999992,1.190609999999999,2380
2026-02-10T06:00:00+00:00,1.190609999999999,1.191219999999999,1.189999999999999,1.1901899999999992,4035
2026-02-10T07:00:00+00:00,1.1901899999999992,1.1909399999999992,1.1898399999999991,1.1907299999999992,5299
2026-02-10T08:00:00+00:00,1.1907299999999992,1.1914099999999992,1.189859999999999,1.1907999999999992,7798
2026-02-10T09:00:00+00:00,1.1907999999999992,1.1918799999999992,1.1906999999999992,1.1913299999999991,5742
2026-02-10T10:00:00+00:00,1.1913299999999991,1.191629999999999,1.190809999999999,1.1908999999999992,4748
2026-02-10T11:00:00+00:00,1.1908999999999992,1.190949999999999,1.189969999999999,1.190269999999999,4165
2026-02-10T12:00:00+00:00,1.190269999999999,1.190749999999999,1.1889999999999992,1.189189999999999,8418
2026-02-10T13:00:00+00:00,1.189189999999999,1.1912399999999992,1.188709999999999,1.190439999999999,13755
2026-02-10T14:00:00+00:00,1.190439999999999,1.1927599999999992,1.1901899999999992,1.1913699999999992,16658
2026-02-10T15:00:00+00:00,1.1913699999999992,1.191829999999999,1.1895499999999992,1.191289999999999,18801
2026-02-10T16:00:00+00:00,1.191289999999999,1.1913799999999992,1.1895399999999992,1.1896499999999992,11909
2026-02-10T17:00:00+00:00,1.1896499999999992,1.1904299999999992,1.1892099999999992,1.1894699999999991,5152
2026-02-10T18:00:00+00:00,1.1894699999999991,1.189699999999999,1.1889299999999992,1.1890999999999992,4193
2026-02-10T19:00:00+00:00,1.1890999999999992,1.190129999999999,1.1885599999999992,1.1901199999999992,3820
2026-02-10T20:00:00+00:00,1.1901199999999992,1.190239999999999,1.189349999999999,1.1894099999999992,3737
2026-02-10T21:00:00+00:00,1.1894099999999992,1.189559999999999,1.1891399999999992,1.1893699999999992,2659
2026-02-10T22:00:00+00:00,1.1893699999999992,1.1893799999999992,1.1885299999999994,1.1885799999999993,2827.645246750266
2026-02-10T23:00:00+00:00,1.1885799999999993,1.1888599999999994,1.1882999999999992,1.1883899999999994,1281
2026-02-11T00:00:00+00:00,1.1883899999999994,1.1896599999999993,1.1882599999999994,1.1893099999999994,4271
2026-02-11T01:00:00+00:00,1.1893099999999994,1.1898199999999994,1.1889999999999994,1.1893799999999994,3958
2026-02-11T02:00:00+00:00,1.1893799999999994,1.1908899999999993,1.1893799999999994,1.1904499999999993,5270
2026-02-11T03:00:00+00:00,1.1904499999999993,1.1909899999999993,1.1899599999999992,1.1907599999999994,3467
2026-02-11T04:00:00+00:00,1.1907599999999994,1.1911099999999994,1.1903599999999994,1.1904199999999994,2892
2026-02-11T05:00:00+00:00,1.1904199999999994,1.1915399999999994,1.1902899999999994,1.1914499999999992,3840
2026-02-11T06:00:00+00:00,1.1914499999999992,1.1921899999999994,1.1908699999999994,1.1911399999999994,5766
2026-02-11T07:00:00+00:00,1.1911399999999994,1.1914499999999992,1.1906399999999993,1.1913999999999993,6009
2026-02-11T08:00:00+00:00,1.1913999999999993,1.1916199999999992,1.1909399999999994,1.1914599999999993,6957
2026-02-11T09:00:00+00:00,1.1914599999999993,1.1915999999999993,1.1906399999999993,1.1914199999999993,7021
2026-02-11T10:00:00+00:00,1.1914199999999993,1.1923499999999994,1.1912399999999994,1.1917899999999992,5755
2026-02-11T11:00:00+00:00,1.1917899999999992,1.1917899999999992,1.1900999999999993,1.1904299999999994,6560
2026-02-11T12:00:00+00:00,1.1904299999999994,1.1905499999999993,1.1894599999999993,1.1896499999999994,7419
2026-02-11T13:00:00+00:00,1.1896499999999994,1.1900599999999995,1.1828999999999994,1.1858099999999994,46389
2026-02-11T14:00:00+00:00,1.1858099999999994,1.1878699999999993,1.1848899999999993,1.1856499999999994,31938
2026-02-11T15:00:00+00:00,1.1856499999999994,1.1867999999999994,1.1847199999999993,1.1855499999999994,21609
2026-02-11T16:00:00+00:00,1.1855499999999994,1.1879499999999994,1.1849299999999994,1.1879299999999993,11989
2026-02-11T17:00:00+00:00,1.1879299999999993,1.1889899999999993,1.1873499999999992,1.1881999999999993,8777
2026-02-11T18:00:00+00:00,1.1881999999999993,1.1886999999999994,1.1874799999999994,1.1878299999999993,6391
2026-02-11T19:00:00+00:00,1.1878299999999993,1.1880899999999994,1.1873999999999993,1.1875899999999993,4942
2026-02-11T20:00:00+00:00,1.1875899999999993,1.1877399999999994,1.1865899999999994,1.1866899999999994,3908
2026-02-11T21:00:00+00:00,1.1866899999999994,1.1870699999999994,1.1864999999999994,1.1867599999999994,2645
2026-02-11T22:00:00+00:00,1.1867599999999994,1.1870699999999994,1.1864099999999993,1.1868399999999995,1121.5682578893834
2026-02-11T23:00:00+00:00,1.1868399999999995,1.1872299999999993,1.1866199999999993,1.1870799999999992,1571
2026-02-12T00:00:00+00:00,1.1870799999999992,1.1874299999999993,1.1863199999999994,1.1872899999999993,5193
2026-02-12T01:00:00+00:00,1.1872899999999993,1.1878699999999993,1.1869699999999994,1.1876999999999993,5998
2026-02-12T02:00:00+00:00,1.1876999999999993,1.1880899999999994,1.1871199999999993,1.1875099999999994,4676
2026-02-12T03:00:00+00:00,1.1875099999999994,1.1877199999999994,1.1861499999999994,1.1865799999999993,3852
2026-02-12T04:00:00+00:00,1.1865799999999993,1.1868799999999993,1.1856399999999994,1.1858199999999994,3165
2026-02-12T05:00:00+00:00,1.1858199999999994,1.1861899999999994,1.1854399999999994,1.1860899999999994,3667
2026-02-12T06:00:00+00:00,1.1860899999999994,1.1863899999999994,1.1848399999999994,1.1856699999999993,9347
2026-02-12T07:00:00+00:00,1.1856699999999993,1.1871299999999994,1.1855499999999994,1.1869099999999992,5880
2026-02-12T08:00:00+00:00,1.1869099999999992,1.1877199999999994,1.1867599999999994,1.1876099999999994,6720
2026-02-12T09:00:00+00:00,1.1876099999999994,1.1884199999999994,1.1875899999999993,1.1883399999999993,6142
2026-02-12T10:00:00+00:00,1.1883399999999993,1.1883599999999994,1.1870799999999992,1.1873399999999994,5260
2026-02-12T11:00:00+00:00,1.1873399999999994,1.1880799999999994,1.1871199999999993,1.1880599999999994,4006
2026-02-12T12:00:00+00:00,1.1880599999999994,1.1882399999999993,1.1863199999999994,1.1869199999999993,6068
2026-02-12T13:00:00+00:00,1.1869199999999993,1.1881499999999994,1.1867399999999992,1.1881099999999993,9652
2026-02-12T14:00:00+00:00,1.1881099999999993,1.1883899999999994,1.1870799999999992,1.1879499999999994,11967
2026-02-12T15:00:00+00:00,1.1879499999999994,1.1884599999999994,1.1874399999999994,1.1881999999999993,11693
2026-02-12T16:00:00+00:00,1.1881999999999993,1.1886099999999993,1.1858099999999994,1.1866799999999993,24305
2026-02-12T17:00:00+00:00,1.1866799999999993,1.1873099999999994,1.1856099999999994,1.1861599999999994,12383
2026-02-12T18:00:00+00:00,1.1861599999999994,1.1865599999999994,1.1852399999999994,1.1859599999999992,7898
2026-02-12T19:00:00+00:00,1.1859599999999992,1.1867899999999993,1.1856999999999993,1.1866399999999993,5198
2026-02-12T20:00:00+00:00,1.1866399999999993,1.1866899999999994,1.1859899999999994,1.1865899999999994,3212
2026-02-12T21:00:00+00:00,1.1865899999999994,1.1868899999999993,1.1864699999999992,1.1866499999999993,2655
2026-02-12T22:00:00+00:00,1.1866499999999993,1.1866499999999993,1.1857499999999994,1.1864799999999993,607.6518080531131
2026-02-12T23:00:00+00:00,1.1864799999999993,1.1866599999999994,1.1861599999999994,1.1863699999999995,1558
2026-02-13T00:00:00+00:00,1.1863699999999995,1.1867099999999995,1.1860999999999995,1.1866899999999994,3834
2026-02-13T01:00:00+00:00,1.1866899999999994,1.1868099999999995,1.1857799999999994,1.1861499999999994,4899
2026-02-13T02:00:00+00:00,1.1861499999999994,1.1865699999999995,1.1857399999999994,1.1863899999999994,2623
2026-02-13T03:00:00+00:00,1.1863899999999994,1.1864899999999994,1.1860199999999994,1.1861499999999994,2391
2026-02-13T04:00:00+00:00,1.1861499999999994,1.1862299999999995,1.1854599999999995,1.1857699999999993,2269
2026-02-13T05:00:00+00:00,1.1857699999999993,1.1859399999999993,1.1852399999999994,1.1853999999999993,3330
2026-02-13T06:00:00+00:00,1.1853999999999993,1.1856299999999993,1.1847899999999993,1.1850699999999994,4922
2026-02-13T07:00:00+00:00,1.1850699999999994,1.1854499999999994,1.1841699999999995,1.1853199999999995,7187
2026-02-13T08:00:00+00:00,1.1853199999999995,1.1857399999999994,1.1850599999999993,1.1857199999999994,6577
2026-02-13T09:00:00+00:00,1.1857199999999994,1.1861199999999994,1.1854999999999993,1.1855099999999994,5679
2026-02-13T10:00:00+00:00,1.1855099999999994,1.1855499999999994,1.1847499999999993,1.1851999999999994,4749
2026-02-13T11:00:00+00:00,1.1851999999999994,1.1855799999999994,1.1849499999999995,1.1853199999999995,5693
2026-02-13T12:00:00+00:00,1.1853199999999995,1.1858299999999995,1.1849999999999994,1.1856399999999994,5687
2026-02-13T13:00:00+00:00,1.1856399999999994,1.1879099999999994,1.1851299999999994,1.1868999999999994,18749
2026-02-13T14:00:00+00:00,1.1868999999999994,1.1869399999999994,1.1851699999999994,1.1853699999999994,15943
2026-02-13T15:00:00+00:00,1.1853699999999994,1.1865499999999993,1.1842199999999994,1.1842799999999993,13769
2026-02-13T16:00:00+00:00,1.1842799999999993,1.1869299999999994,1.1842799999999993,1.1863399999999995,9330
2026-02-13T17:00:00+00:00,1.1863399999999995,1.1877399999999994,1.1862999999999995,1.1869399999999994,6141
2026-02-13T18:00:00+00:00,1.1869399999999994,1.1875299999999993,1.1866899999999994,1.1868199999999993,3867
2026-02-13T19:00:00+00:00,1.1868199999999993,1.1869699999999994,1.1860799999999994,1.1861199999999994,3728
2026-02-13T20:00:00+00:00,1.1861199999999994,1.1869399999999994,1.1858999999999995,1.1868999999999994,4419
2026-02-13T21:00:00+00:00,1.1868999999999994,1.1871199999999995,1.1860599999999994,1.1861399999999993,2716.732316227462
2026-02-15T22:00:00+00:00,1.1861399999999993,1.1864399999999993,1.1847399999999995,1.185029999999999,316.4474702296434
2026-02-15T23:00:00+00:00,1.185029999999999,1.1851799999999988,1.184529999999999,1.1849099999999988,2864
2026-02-16T00:00:00+00:00,1.1849099999999988,1.184939999999999,1.184289999999999,1.1843699999999988,3953
2026-02-16T01:00:00+00:00,1.1843699999999988,1.1848799999999988,1.1841399999999989,1.184759999999999,3728
2026-02-16T02:00:00+00:00,1.184759999999999,1.184939999999999,1.1844099999999989,1.184769999999999,3262
2026-02-16T03:00:00+00:00,1.184769999999999,1.185139999999999,1.184599999999999,1.1849499999999988,2025
2026-02-16T04:00:00+00:00,1.1849499999999988,1.185029999999999,1.184349999999999,1.184459999999999,1482
2026-02-16T05:00:00+00:00,1.184459999999999,1.184859999999999,1.184319999999999,1.1847099999999988,1471
2026-02-16T06:00:00+00:00,1.1847099999999988,1.185239999999999,1.1846099999999988,1.184839999999999,2031
2026-02-16T07:00:00+00:00,1.184839999999999,1.184859999999999,1.184259999999999,1.184499999999999,2793
2026-02-16T08:00:00+00:00,1.184499999999999,1.185279999999999,1.1839299999999988,1.1847399999999988,7695
2026-02-16T09:00:00+00:00,1.1847399999999988,1.1851599999999989,1.184449999999999,1.184659999999999,4955
2026-02-16T10:00:00+00:00,1.184659999999999,1.184999999999999,1.184429999999999,1.184939999999999,3669
2026-02-16T11:00:00+00:00,1.184939999999999,1.184939999999999,1.1842399999999988,1.184359999999999,3749
2026-02-16T12:00:00+00:00,1.184359999999999,1.1845399999999988,1.183229999999999,1.183549999999999,4008
2026-02-16T13:00:00+00:00,1.183549999999999,1.183989999999999,1.183139999999999,1.1836999999999989,4486
2026-02-16T14:00:00+00:00,1.1836999999999989,1.184599999999999,1.183539999999999,1.1838599999999988,4749
2026-02-16T15:00:00+00:00,1.1838599999999988,1.1839299999999988,1.183279999999999,1.183639999999999,4394
2026-02-16T16:00:00+00:00,1.183639999999999,1.183889999999999,1.182859999999999,1.1834199999999988,4065
2026-02-16T17:00:00+00:00,1.1834199999999988,1.1835999999999989,1.182859999999999,1.1830499999999988,1775
2026-02-16T18:00:00+00:00,1.1830499999999988,1.1833499999999988,1.183039999999999,1.183169999999999,929.1442204589321
2026-02-16T19:00:00+00:00,1.183169999999999,1.183669999999999,1.1831199999999988,1.183659999999999,717.9355280888731
2026-02-16T20:00:00+00:00,1.183659999999999,1.183769999999999,1.183489999999999,1.183619999999999,711.8784669434388
2026-02-16T21:00:00+00:00,1.183619999999999,1.1836699999999991,1.183259999999999,1.183329999999999,980.1980864051593
2026-02-16T22:00:00+00:00,1.183329999999999,1.1833399999999992,1.1829699999999992,1.1831599999999998,348.9311797773065
2026-02-16T23:00:00+00:00,1.1831599999999998,1.1833699999999998,1.1828899999999998,1.1832699999999998,1312
2026-02-17T00:00:00+00:00,1.1832699999999998,1.1834299999999998,1.1824399999999997,1.1825899999999998,4705
2026-02-17T01:00:00+00:00,1.1825899999999998,1.1826999999999999,1.1823099999999998,1.1826799999999997,4566
2026-02-17T02:00:00+00:00,1.1826799999999997,1.1829599999999998,1.1822799999999998,1.1824399999999997,2838
2026-02-17T03:00:00+00:00,1.1824399999999997,1.1824599999999998,1.1820299999999997,1.1823899999999998,2941
2026-02-17T04:00:00+00:00,1.1823899999999998,1.1824799999999998,1.1821599999999999,1.1823299999999999,2087
2026-02-17T05:00:00+00:00,1.1823299999999999,1.1824099999999997,1.1817899999999997,1.1823599999999999,3313
2026-02-17T06:00:00+00:00,1.1823599999999999,1.1827899999999998,1.1823599999999999,1.1825999999999999,3336
2026-02-17T07:00:00+00:00,1.1825999999999999,1.1826699999999999,1.1810999999999998,1.1814999999999998,6691
2026-02-17T08:00:00+00:00,1.1814999999999998,1.1826399999999997,1.1812299999999998,1.1823099999999998,7057
2026-02-17T09:00:00+00:00,1.1823099999999998,1.1832199999999997,1.1822099999999998,1.1828799999999997,4832
2026-02-17T10:00:00+00:00,1.1828799999999997,1.1829499999999997,1.1823499999999998,1.1824999999999999,4837
2026-02-17T11:00:00+00:00,1.1824999999999999,1.1826799999999997,1.1806299999999998,1.1813199999999997,4865
2026-02-17T12:00:00+00:00,1.1813199999999997,1.1818099999999998,1.1809199999999997,1.18101,6260
2026-02-17T13:00:00+00:00,1.18101,1.1812699999999998,1.1797899999999997,1.1804499999999998,10708
2026-02-17T14:00:00+00:00,1.1804499999999998,1.1810599999999998,1.1798499999999998,1.1806199999999998,14276
2026-02-17T15:00:00+00:00,1.1806199999999998,1.1806399999999997,1.1787299999999998,1.1793099999999999,14926
2026-02-17T16:00:00+00:00,1.1793099999999999,1.1817699999999998,1.1792999999999998,1.1813099999999999,11446
2026-02-17T17:00:00+00:00,1.1813099999999999,1.1824499999999998,1.1811599999999998,1.1821699999999997,7865
2026-02-17T18:00:00+00:00,1.1821699999999997,1.1835499999999999,1.1820999999999997,1.1830499999999997,5814
2026-02-17T19:00:00+00:00,1.1830499999999997,1.1832799999999999,1.1825599999999998,1.1830199999999997,3762
2026-02-17T20:00:00+00:00,1.1830199999999997,1.1834999999999998,1.1829299999999998,1.1833399999999998,3760
2026-02-17T21:00:00+00:00,1.1833399999999998,1.1837799999999998,1.1832299999999998,1.1837499999999999,1730
2026-02-17T22:00:00+00:00,1.1837499999999999,1.1837499999999999,1.1831699999999996,1.1832699999999998,1273.7133653287678
2026-02-17T23:00:00+00:00,1.1832699999999998,1.1839299999999997,1.1832399999999998,1.1832599999999998,1920
2026-02-18T00:00:00+00:00,1.1832599999999998,1.1835499999999999,1.1828999999999998,1.1829299999999998,3602
2026-02-18T01:00:00+00:00,1.1829299999999998,1.1829999999999998,1.1824499999999998,1.1828299999999998,3059
2026-02-18T02:00:00+00:00,1.1828299999999998,1.1829299999999998,1.1823599999999999,1.1826599999999998,2750
2026-02-18T03:00:00+00:00,1.1826599999999998,1.1828799999999997,1.1822899999999998,1.1823199999999998,1861
2026-02-18T04:00:00+00:00,1.1823199999999998,1.18257,1.1821399999999997,1.1823899999999998,1918
2026-02-18T05:00:00+00:00,1.1823899999999998,1.1827799999999997,1.1823599999999999,1.1827699999999999,1546
2026-02-18T06:00:00+00:00,1.1827699999999999,1.18284,1.18223,1.1826799999999997,2532
2026-02-18T07:00:00+00:00,1.1826799999999997,1.1828499999999997,1.1814999999999998,1.1816799999999998,5135
2026-02-18T08:00:00+00:00,1.1816799999999998,1.18203,1.1810299999999998,1.1813199999999997,6280
2026-02-18T09:00:00+00:00,1.1813199999999997,1.1820499999999998,1.1810399999999999,1.1818099999999998,4937
2026-02-18T10:00:00+00:00,1.1818099999999998,1.1822799999999998,1.1812799999999999,1.18142,3999
2026-02-18T11:00:00+00:00,1.18142,1.1819999999999997,1.1812599999999998,1.1816699999999998,3540
2026-02-18T12:00:00+00:00,1.1816699999999998,1.1829299999999998,1.1815599999999997,1.1822,5641
2026-02-18T13:00:00+00:00,1.1822,1.1830699999999998,1.18057,1.18057,6940
2026-02-18T14:00:00+00:00,1.18057,1.1809699999999999,1.1794099999999998,1.1797399999999998,12397
2026-02-18T15:00:00+00:00,1.1797399999999998,1.1808899999999998,1.1795499999999999,1.18047,11866
2026-02-18T16:00:00+00:00,1.18047,1.1808199999999998,1.1791399999999999,1.17915,7545
2026-02-18T17:00:00+00:00,1.17915,1.17962,1.1784099999999997,1.17881,5088
2026-02-18T18:00:00+00:00,1.17881,1.1789399999999999,1.1768399999999999,1.1771099999999999,5868
2026-02-18T19:00:00+00:00,1.1771099999999999,1.1775999999999998,1.1764899999999998,1.1768399999999999,8798
2026-02-18T20:00:00+00:00,1.1768399999999999,1.1771299999999998,1.1763099999999997,1.17647,4552
2026-02-18T21:00:00+00:00,1.17647,1.1768399999999999,1.1763,1.17637,2533
2026-02-18T22:00:00+00:00,1.17637,1.17664,1.1761799999999998,1.1765299999999999,542.30499276411
2026-02-18T23:00:00+00:00,1.1765299999999999,1.17705,1.1765299999999999,1.1769399999999999,1505
2026-02-19T00:00:00+00:00,1.1769399999999999,1.1772799999999999,1.1766299999999998,1.1771099999999999,3721
2026-02-19T01:00:00+00:00,1.1771099999999999,1.17762,1.1770599999999998,1.17756,3551
2026-02-19T02:00:00+00:00,1.17756,1.17766,1.17715,1.1771899999999997,2791
2026-02-19T03:00:00+00:00,1.1771899999999997,1.17739,1.1768699999999999,1.1771599999999998,2719
2026-02-19T04:00:00+00:00,1.1771599999999998,1.1772599999999998,1.17657,1.1770399999999999,2412
2026-02-19T05:00:00+00:00,1.1770399999999999,1.1773899999999997,1.1767499999999997,1.17725,2316
2026-02-19T06:00:00+00:00,1.17725,1.1781799999999998,1.1770899999999997,1.1779199999999999,3123
2026-02-19T07:00:00+00:00,1.1779199999999999,1.1784599999999998,1.1773699999999998,1.1781599999999999,4742
2026-02-19T08:00:00+00:00,1.1781599999999999,1.17861,1.17783,1.1782299999999999,5507
2026-02-19T09:00:00+00:00,1.1782299999999999,1.1788499999999997,1.1779699999999997,1.1781,5295
2026-02-19T10:00:00+00:00,1.1781,1.1784099999999997,1.1768299999999998,1.17701,6049
2026-02-19T11:00:00+00:00,1.17701,1.1771399999999999,1.17576,1.1761599999999999,5620
2026-02-19T12:00:00+00:00,1.1761599999999999,1.1761799999999998,1.1747999999999998,1.1750399999999999,6975
2026-02-19T13:00:00+00:00,1.1750399999999999,1.1750999999999998,1.1732299999999998,1.1746499999999997,11661
2026-02-19T14:00:00+00:00,1.1746499999999997,1.1747299999999998,1.1722899999999998,1.1732599999999997,15958
2026-02-19T15:00:00+00:00,1.1732599999999997,1.1756499999999999,1.17291,1.1744199999999998,19477
2026-02-19T16:00:00+00:00,1.1744199999999998,1.1751699999999998,1.1739099999999998,1.1742299999999999,11375
2026-02-19T17:00:00+00:00,1.1742299999999999,1.1748999999999998,1.1737099999999998,1.1746899999999998,7097
2026-02-19T18:00:00+00:00,1.1746899999999998,1.17552,1.1745799999999997,1.1749299999999998,4712
2026-02-19T19:00:00+00:00,1.1749299999999998,1.1752799999999999,1.17403,1.1744799999999997,5760
2026-02-19T20:00:00+00:00,1.1744799999999997,1.17498,1.1744299999999999,1.17498,3654
2026-02-19T21:00:00+00:00,1.17498,1.1759199999999999,1.1748899999999998,1.17542,3820
2026-02-19T22:00:00+00:00,1.17542,1.17542,1.1747899999999998,1.1752099999999999,821.283464508292
2026-02-19T23:00:00+00:00,1.1752099999999999,1.17567,1.1749,1.17492,1576
2026-02-20T00:00:00+00:00,1.17492,1.1753,1.17475,1.17515,3364
2026-02-20T01:00:00+00:00,1.17515,1.17526,1.1736,1.17398,5317
2026-02-20T02:00:00+00:00,1.17398,1.17407,1.17341,1.17354,3447
2026-02-20T03:00:00+00:00,1.17354,1.17398,1.17354,1.17377,2114
2026-02-20T04:00:00+00:00,1.17377,1.17407,1.17334,1.17341,1936
2026-02-20T05:00:00+00:00,1.17341,1.17378,1.1731,1.1736199999999999,2795
2026-02-20T06:00:00+00:00,1.1736199999999999,1.17376,1.17323,1.1736,2966
2026-02-20T07:00:00+00:00,1.1736,1.17438,1.17306,1.17322,6825
2026-02-20T08:00:00+00:00,1.17322,1.17445,1.17243,1.17418,8205
2026-02-20T09:00:00+00:00,1.17418,1.1749,1.17392,1.17474,5648
2026-02-20T10:00:00+00:00,1.17474,1.17496,1.17381,1.17445,5651
2026-02-20T11:00:00+00:00,1.17445,1.17499,1.17409,1.17483,3889
2026-02-20T12:00:00+00:00,1.17483,1.17518,1.17443,1.17465,5945
2026-02-20T13:00:00+00:00,1.17465,1.17639,1.17379,1.17502,13935
2026-02-20T14:00:00+00:00,1.17502,1.17514,1.17368,1.17486,11167
2026-02-20T15:00:00+00:00,1.17486,1.17882,1.17361,1.1769,51119
2026-02-20T16:00:00+00:00,1.1769,1.17791,1.17547,1.1761,14048
2026-02-20T17:00:00+00:00,1.1761,1.17661,1.17465,1.17611,10310
2026-02-20T18:00:00+00:00,1.17611,1.17798,1.17577,1.1766699999999999,14118
2026-02-20T19:00:00+00:00,1.1766699999999999,1.17705,1.17594,1.17617,5896
2026-02-20T20:00:00+00:00,1.17617,1.1768399999999999,1.17584,1.1767,4061
2026-02-20T21:00:00+00:00,1.1767,1.17725,1.17576,1.17585,3994
2026-02-22T22:00:00+00:00,1.17585,1.1761400000000002,1.1754500000000003,1.1759000000000002,883.492018280395
2026-02-22T23:00:00+00:00,1.1759000000000002,1.1801000000000001,1.1757700000000002,1.1799600000000001,6535
2026-02-23T00:00:00+00:00,1.1799600000000001,1.1800800000000002,1.1788900000000002,1.17972,8466
2026-02-23T01:00:00+00:00,1.17972,1.1799800000000003,1.1787,1.1792500000000001,9329
2026-02-23T02:00:00+00:00,1.1792500000000001,1.17975,1.1789500000000002,1.1793900000000002,5159
2026-02-23T03:00:00+00:00,1.1793900000000002,1.1794400000000003,1.1783000000000001,1.1789800000000001,2995
2026-02-23T04:00:00+00:00,1.1789800000000001,1.1790300000000002,1.1784200000000002,1.1787100000000001,2258
2026-02-23T05:00:00+00:00,1.1787100000000001,1.1787800000000002,1.1781400000000002,1.1786100000000002,2196
2026-02-23T06:00:00+00:00,1.1786100000000002,1.1800200000000003,1.1782900000000003,1.1790800000000001,4296
2026-02-23T07:00:00+00:00,1.1790800000000001,1.1794000000000002,1.1785,1.1789600000000002,6622
2026-02-23T08:00:00+00:00,1.1789600000000002,1.1791300000000002,1.1773400000000003,1.1776800000000003,9774
2026-02-23T09:00:00+00:00,1.1776800000000003,1.17789,1.1766600000000003,1.1767100000000001,6339
2026-02-23T10:00:00+00:00,1.1767100000000001,1.17677,1.1761300000000001,1.1764900000000003,6009
2026-02-23T11:00:00+00:00,1.1764900000000003,1.1765100000000002,1.1747300000000003,1.1752300000000002,6857
2026-02-23T12:00:00+00:00,1.1752300000000002,1.17528,1.1740700000000002,1.1748100000000001,6750
2026-02-23T13:00:00+00:00,1.1748100000000001,1.1764200000000002,1.1744400000000002,1.17623,9232
2026-02-23T14:00:00+00:00,1.17623,1.1775400000000003,1.1760100000000002,1.1771900000000002,12507
2026-02-23T15:00:00+00:00,1.1771900000000002,1.1776400000000002,1.1758300000000002,1.1761200000000003,12951
2026-02-23T16:00:00+00:00,1.1761200000000003,1.1772600000000002,1.17545,1.1770200000000002,10708
2026-02-23T17:00:00+00:00,1.1770200000000002,1.1775100000000003,1.1756900000000001,1.1765100000000002,7044
2026-02-23T18:00:00+00:00,1.1765100000000002,1.1767200000000002,1.1761000000000001,1.1764500000000002,4166
2026-02-23T19:00:00+00:00,1.1764500000000002,1.1767,1.1754600000000002,1.1757900000000001,4399
2026-02-23T20:00:00+00:00,1.1757900000000001,1.1760300000000001,1.17538,1.1755200000000001,3564
2026-02-23T21:00:00+00:00,1.1755200000000001,1.17589,1.1750500000000001,1.1751300000000002,3430
2026-02-23T22:00:00+00:00,1.1751300000000002,1.1753600000000002,1.17504,1.1752700000000003,1877.2135828877006
2026-02-23T23:00:00+00:00,1.1752700000000003,1.1761800000000002,1.1751600000000002,1.17592,1688
2026-02-24T00:00:00+00:00,1.17592,1.17626,1.17538,1.1754300000000002,3797
2026-02-24T01:00:00+00:00,1.1754300000000002,1.1754300000000002,1.1737900000000001,1.1748100000000001,7726
2026-02-24T02:00:00+00:00,1.1748100000000001,1.1750900000000002,1.1744600000000003,1.17501,3651
2026-02-24T03:00:00+00:00,1.17501,1.1751700000000003,1.1741200000000003,1.1741400000000002,2320
2026-02-24T04:00:00+00:00,1.1741400000000002,1.1743000000000001,1.1734300000000002,1.1736000000000002,2596
2026-02-24T05:00:00+00:00,1.1736000000000002,1.1747,1.17348,1.1746300000000003,2627
2026-02-24T06:00:00+00:00,1.1746300000000003,1.17487,1.1743500000000002,1.17467,3104
2026-02-24T07:00:00+00:00,1.17467,1.1748800000000001,1.1737800000000003,1.1745500000000002,10158
2026-02-24T08:00:00+00:00,1.1745500000000002,1.1756100000000003,1.1739600000000001,1.1749900000000002,8509
2026-02-24T09:00:00+00:00,1.1749900000000002,1.1759400000000002,1.17494,1.1753900000000002,5645
2026-02-24T10:00:00+00:00,1.1753900000000002,1.17575,1.1748500000000002,1.1751900000000002,4821
2026-02-24T11:00:00+00:00,1.1751900000000002,1.1752300000000002,1.1745500000000002,1.1746900000000002,4939
2026-02-24T12:00:00+00:00,1.1746900000000002,1.1749900000000002,1.1739000000000002,1.1747600000000002,5840
2026-02-24T13:00:00+00:00,1.1747600000000002,1.17477,1.1734400000000003,1.1738500000000003,7790
2026-02-24T14:00:00+00:00,1.1738500000000003,1.1744900000000003,1.1733600000000002,1.1739700000000002,9376
2026-02-24T15:00:00+00:00,1.1739700000000002,1.1747400000000001,1.1732400000000003,1.1739000000000002,11637
2026-02-24T16:00:00+00:00,1.1739000000000002,1.1756600000000001,1.1738400000000002,1.1754400000000003,7661
2026-02-24T17:00:00+00:00,1.1754400000000003,1.1755100000000003,1.1748100000000001,1.1751900000000002,4239
2026-02-24T18:00:00+00:00,1.1751900000000002,1.1753000000000002,1.1743500000000002,1.1744800000000002,3834
2026-02-24T19:00:00+00:00,1.1744800000000002,1.1750500000000001,1.1742700000000001,1.1745200000000002,3215
2026-02-24T20:00:00+00:00,1.1745200000000002,1.1749800000000001,1.1741500000000002,1.17416,3740
2026-02-24T21:00:00+00:00,1.17416,1.1743400000000002,1.1738300000000002,1.1738800000000003,2077
2026-02-24T22:00:00+00:00,1.1738800000000003,1.1742800000000002,1.1737600000000001,1.1739500000000003,867
2026-02-24T23:00:00+00:00,1.1739500000000003,1.17423,1.1739000000000002,1.1740400000000002,1227
2026-02-25T00:00:00+00:00,1.1740400000000002,1.1746300000000003,1.1739700000000002,1.17443,4858
2026-02-25T01:00:00+00:00,1.17443,1.1748300000000003,1.1742200000000003,1.1744700000000001,5004
2026-02-25T02:00:00+00:00,1.1744700000000001,1.1759800000000002,1.1744600000000003,1.1758600000000001,6343
2026-02-25T03:00:00+00:00,1.1758600000000001,1.17606,1.1752000000000002,1.1755800000000003,7487
2026-02-25T04:00:00+00:00,1.1755800000000003,1.1762500000000002,1.1754000000000002,1.1761200000000003,3981
2026-02-25T05:00:00+00:00,1.1761200000000003,1.17719,1.1760400000000002,1.17672,4580.537801389457
2026-02-25T06:00:00+00:00,1.17672,1.17728,1.17635,1.17715,5012
2026-02-25T07:00:00+00:00,1.17715,1.17743,1.17635,1.17637,6996
2026-02-25T08:00:00+00:00,1.17637,1.1766400000000001,1.1755900000000001,1.17564,7908
2026-02-25T09:00:00+00:00,1.17564,1.17595,1.1752,1.17543,8448
2026-02-25T10:00:00+00:00,1.17543,1.1754900000000001,1.17456,1.17462,6158
2026-02-25T11:00:00+00:00,1.17462,1.1747400000000001,1.17375,1.17411,5481
2026-02-25T12:00:00+00:00,1.17411,1.17531,1.17403,1.17522,5742
2026-02-25T13:00:00+00:00,1.17522,1.1756499999999999,1.17394,1.1739899999999999,8928
2026-02-25T14:00:00+00:00,1.1739899999999999,1.1755499999999999,1.17394,1.17526,10465
2026-02-25T15:00:00+00:00,1.17526,1.1768699999999999,1.1751099999999999,1.17676,16414
2026-02-25T16:00:00+00:00,1.17676,1.17736,1.1764999999999999,1.1770399999999999,10401
2026-02-25T17:00:00+00:00,1.1770399999999999,1.1780599999999999,1.17688,1.1773799999999999,7002
2026-02-25T18:00:00+00:00,1.1773799999999999,1.17773,1.17706,1.1771099999999999,5092
2026-02-25T19:00:00+00:00,1.1771099999999999,1.17756,1.1769,1.17716,3354.322609720585
2026-02-25T20:00:00+00:00,1.17716,1.1774900000000001,1.17711,1.1772200000000002,4610
2026-02-25T21:00:00+00:00,1.1772200000000002,1.17791,1.1769500000000002,1.17764,2617.4805993514483
2026-02-25T22:00:00+00:00,1.17764,1.17768,1.17714,1.1774600000000002,750.4721239477858
2026-02-25T23:00:00+00:00,1.1774600000000002,1.17815,1.17745,1.1780300000000001,1920
2026-02-26T00:00:00+00:00,1.1780300000000001,1.1784500000000002,1.1777000000000002,1.17843,4363
2026-02-26T01:00:00+00:00,1.17843,1.1794000000000002,1.17832,1.1792600000000002,6583
2026-02-26T02:00:00+00:00,1.1792600000000002,1.17941,1.17785,1.1782700000000002,4572
2026-02-26T03:00:00+00:00,1.1782700000000002,1.1787400000000001,1.1781000000000001,1.17822,4177
2026-02-26T04:00:00+00:00,1.17822,1.1783800000000002,1.17778,1.1783500000000002,3411
2026-02-26T05:00:00+00:00,1.1783500000000002,1.1787800000000002,1.17812,1.17849,4465
2026-02-26T06:00:00+00:00,1.17849,1.1787400000000001,1.17802,1.17839,4968
2026-02-26T07:00:00+00:00,1.17839,1.17839,1.1774000000000002,1.17809,6830
2026-02-26T08:00:00+00:00,1.17809,1.1781000000000001,1.1767500000000002,1.17677,8738
2026-02-26T09:00:00+00:00,1.17677,1.1771200000000002,1.1761800000000002,1.1762500000000002,7216
2026-02-26T10:00:00+00:00,1.1762500000000002,1.17649,1.17585,1.17636,5436
2026-02-26T11:00:00+00:00,1.17636,1.177,1.17632,1.1765500000000002,5595
2026-02-26T12:00:00+00:00,1.1765500000000002,1.1774700000000002,1.1764900000000003,1.1774100000000003,5423
2026-02-26T13:00:00+00:00,1.1774100000000003,1.1781700000000002,1.1767800000000002,1.1771600000000002,8936
2026-02-26T14:00:00+00:00,1.1771600000000002,1.1780700000000002,1.17669,1.1777700000000002,13522
2026-02-26T15:00:00+00:00,1.1777700000000002,1.1779300000000001,1.1745700000000001,1.1763800000000002,18744
2026-02-26T16:00:00+00:00,1.1763800000000002,1.17642,1.1750900000000002,1.17568,10896
2026-02-26T17:00:00+00:00,1.17568,1.17582,1.17389,1.1741000000000001,9481
2026-02-26T18:00:00+00:00,1.1741000000000001,1.17521,1.17389,1.1749200000000002,8645
2026-02-26T19:00:00+00:00,1.1749200000000002,1.1762500000000002,1.1747000000000003,1.1761500000000003,4871
2026-02-26T20:00:00+00:00,1.1761500000000003,1.1767900000000002,1.1760500000000003,1.1765900000000002,3916
2026-02-26T21:00:00+00:00,1.1765900000000002,1.17684,1.17616,1.1761900000000003,2660
2026-02-26T22:00:00+00:00,1.1761900000000003,1.17638,1.1755600000000002,1.17617,863.3396366000485
2026-02-26T23:00:00+00:00,1.17617,1.1768399999999999,1.17613,1.17682,1836
2026-02-27T00:00:00+00:00,1.17682,1.17709,1.17613,1.1761499999999998,5931
2026-02-27T01:00:00+00:00,1.1761499999999998,1.17675,1.17547,1.1755799999999998,7553
2026-02-27T02:00:00+00:00,1.1755799999999998,1.1766999999999999,1.1755799999999998,1.17661,4007
2026-02-27T03:00:00+00:00,1.17661,1.17715,1.17658,1.17693,3353
2026-02-27T04:00:00+00:00,1.17693,1.1778899999999999,1.1767699999999999,1.17766,2756
2026-02-27T05:00:00+00:00,1.17766,1.1777499999999999,1.17719,1.1774099999999998,3703
2026-02-27T06:00:00+00:00,1.1774099999999998,1.1776799999999998,1.17681,1.17701,4921
2026-02-27T07:00:00+00:00,1.17701,1.1784799999999997,1.1762899999999998,1.1780799999999998,7393
2026-02-27T08:00:00+00:00,1.1780799999999998,1.17871,1.17735,1.1774699999999998,7900
2026-02-27T09:00:00+00:00,1.1774699999999998,1.17769,1.17583,1.1760699999999997,7428
2026-02-27T10:00:00+00:00,1.1760699999999997,1.17691,1.1760099999999998,1.1764199999999998,5250
2026-02-27T11:00:00+00:00,1.1764199999999998,1.1769399999999999,1.1761599999999999,1.1765599999999998,4969
2026-02-27T12:00:00+00:00,1.1765599999999998,1.1773799999999999,1.1764099999999997,1.1767599999999998,7766
2026-02-27T13:00:00+00:00,1.1767599999999998,1.1771899999999997,1.17559,1.1758099999999998,13329
2026-02-27T14:00:00+00:00,1.1758099999999998,1.1780899999999999,1.1756299999999997,1.1762399999999997,14234
2026-02-27T15:00:00+00:00,1.1762399999999997,1.1782599999999999,1.1761699999999997,1.1772599999999998,16916
2026-02-27T16:00:00+00:00,1.1772599999999998,1.1790599999999998,1.1771099999999999,1.1787499999999997,12025
2026-02-27T17:00:00+00:00,1.1787499999999997,1.1792299999999998,1.1780899999999999,1.1782,8139
2026-02-27T18:00:00+00:00,1.1782,1.1784499999999998,1.1776399999999998,1.1783399999999997,6186
2026-02-27T19:00:00+00:00,1.1783399999999997,1.17881,1.1781899999999998,1.17847,3949
2026-02-27T20:00:00+00:00,1.17847,1.1791399999999999,1.1780499999999998,1.1781599999999999,4607
2026-02-27T21:00:00+00:00,1.1781599999999999,1.1783799999999998,1.1775799999999998,1.1781,4234.711261872456
2026-03-01T22:00:00+00:00,1.1781,1.17863,1.17668,1.17847,1880
2026-03-01T23:00:00+00:00,1.17847,1.17976,1.17669,1.17692,13091
2026-03-02T00:00:00+00:00,1.17692,1.17884,1.17662,1.17877,11904
2026-03-02T01:00:00+00:00,1.17877,1.18045,1.17854,1.18021,12587
2026-03-02T02:00:00+00:00,1.18021,1.18035,1.17911,1.17988,6853
2026-03-02T03:00:00+00:00,1.17988,1.1806,1.17984,1.17988,5367
2026-03-02T04:00:00+00:00,1.17988,1.18005,1.17919,1.17964,4137
2026-03-02T05:00:00+00:00,1.17964,1.17964,1.1776200000000001,1.17764,5870
2026-03-02T06:00:00+00:00,1.17764,1.17767,1.17403,1.17424,14827
2026-03-02T07:00:00+00:00,1.17424,1.17444,1.1713500000000001,1.17263,18668
2026-03-02T08:00:00+00:00,1.17263,1.17339,1.17082,1.17328,18154
2026-03-02T09:00:00+00:00,1.17328,1.17539,1.17311,1.17432,14126
2026-03-02T10:00:00+00:00,1.17432,1.17574,1.17429,1.17487,10153
2026-03-02T11:00:00+00:00,1.17487,1.17513,1.17364,1.17434,8977
2026-03-02T12:00:00+00:00,1.17434,1.1744,1.17122,1.17138,13150
2026-03-02T13:00:00+00:00,1.17138,1.17284,1.17054,1.17087,17167
2026-03-02T14:00:00+00:00,1.17087,1.17338,1.17052,1.17269,19886
2026-03-02T15:00:00+00:00,1.17269,1.17269,1.169,1.16903,20616
2026-03-02T16:00:00+00:00,1.16903,1.17044,1.16819,1.16998,17490
2026-03-02T17:00:00+00:00,1.16998,1.17179,1.16968,1.17173,11217
2026-03-02T18:00:00+00:00,1.17173,1.17175,1.1697,1.17045,8692
2026-03-02T19:00:00+00:00,1.17045,1.17235,1.1704,1.1721300000000001,7098
2026-03-02T20:00:00+00:00,1.1721300000000001,1.17233,1.16887,1.1700300000000001,16284
2026-03-02T21:00:00+00:00,1.1700300000000001,1.17055,1.16975,1.16975,3225
2026-03-02T22:00:00+00:00,1.16975,1.17007,1.1690800000000001,1.16963,1523.2911912790428
2026-03-02T23:00:00+00:00,1.16963,1.17082,1.16963,1.17048,2521
2026-03-03T00:00:00+00:00,1.17048,1.17057,1.16966,1.17054,5152
2026-03-03T01:00:00+00:00,1.17054,1.1717,1.17024,1.1707,9992
2026-03-03T02:00:00+00:00,1.1707,1.1709100000000001,1.1696,1.17045,9145
2026-03-03T03:00:00+00:00,1.17045,1.17079,1.16964,1.17004,5377
2026-03-03T04:00:00+00:00,1.17004,1.17035,1.16894,1.16912,5374
2026-03-03T05:00:00+00:00,1.16912,1.16951,1.1675200000000001,1.16768,10065
2026-03-03T06:00:00+00:00,1.16768,1.16817,1.16722,1.16793,9689
2026-03-03T07:00:00+00:00,1.16793,1.16793,1.16528,1.16538,15174
2026-03-03T08:00:00+00:00,1.16538,1.16562,1.16279,1.1633,22911
2026-03-03T09:00:00+00:00,1.1633,1.16392,1.16089,1.16153,21619
2026-03-03T10:00:00+00:00,1.16153,1.16228,1.1599300000000001,1.1602000000000001,17565
2026-03-03T11:00:00+00:00,1.1602000000000001,1.16135,1.15922,1.16074,17576
2026-03-03T12:00:00+00:00,1.16074,1.16255,1.1600300000000001,1.16231,19224
2026-03-03T13:00:00+00:00,1.16231,1.16252,1.1600300000000001,1.16006,18243
2026-03-03T14:00:00+00:00,1.16006,1.16097,1.1575,1.15775,27613
2026-03-03T15:00:00+00:00,1.15775,1.15952,1.15404,1.1583,42596
2026-03-03T16:00:00+00:00,1.1583,1.16161,1.15794,1.16131,34074
2026-03-03T17:00:00+00:00,1.16131,1.16135,1.15969,1.16005,23233
2026-03-03T18:00:00+00:00,1.16005,1.16321,1.16,1.16259,16662
2026-03-03T19:00:00+00:00,1.16259,1.16358,1.16099,1.16224,21308
2026-03-03T20:00:00+00:00,1.16224,1.16346,1.16213,1.16278,12561
2026-03-03T21:00:00+00:00,1.16278,1.16284,1.162,1.16231,4703
2026-03-03T22:00:00+00:00,1.16231,1.16248,1.16185,1.16209,3439
2026-03-03T23:00:00+00:00,1.16209,1.16304,1.16189,1.16209,3537
2026-03-04T00:00:00+00:00,1.16209,1.16213,1.16023,1.1603,10910
2026-03-04T01:00:00+00:00,1.1603,1.16076,1.15848,1.1604,14122
2026-03-04T02:00:00+00:00,1.1604,1.16144,1.16016,1.16082,11312
2026-03-04T03:00:00+00:00,1.16082,1.1619300000000001,1.16055,1.16185,7986
2026-03-04T04:00:00+00:00,1.16185,1.16205,1.16005,1.16032,6439
2026-03-04T05:00:00+00:00,1.16032,1.16091,1.15971,1.1605400000000001,8908
2026-03-04T06:00:00+00:00,1.1605400000000001,1.16278,1.15998,1.16209,10296
2026-03-04T07:00:00+00:00,1.16209,1.16381,1.16209,1.16259,13510
2026-03-04T08:00:00+00:00,1.16259,1.1627,1.1605,1.16097,16777
2026-03-04T09:00:00+00:00,1.16097,1.163,1.16023,1.16188,14713
2026-03-04T10:00:00+00:00,1.16188,1.1657,1.16187,1.16444,27809
2026-03-04T11:00:00+00:00,1.16444,1.1664700000000001,1.16409,1.16453,13520
2026-03-04T12:00:00+00:00,1.16453,1.16588,1.16362,1.16405,12413
2026-03-04T13:00:00+00:00,1.16405,1.16622,1.16405,1.16412,17477
2026-03-04T14:00:00+00:00,1.16412,1.16512,1.16305,1.16347,23283
2026-03-04T15:00:00+00:00,1.16347,1.16506,1.16266,1.16503,19366
2026-03-04T16:00:00+00:00,1.16503,1.16563,1.16387,1.16474,12971
2026-03-04T17:00:00+00:00,1.16474,1.16538,1.16366,1.16432,9015
2026-03-04T18:00:00+00:00,1.16432,1.16435,1.16336,1.16346,8417
2026-03-04T19:00:00+00:00,1.16346,1.16513,1.16346,1.16499,6094
2026-03-04T20:00:00+00:00,1.16499,1.16538,1.16486,1.16504,5670
2026-03-04T21:00:00+00:00,1.16504,1.1652,1.16431,1.16434,3210
2026-03-04T22:00:00+00:00,1.16434,1.16444,1.16346,1.16443,1021.4443289378704
2026-03-04T23:00:00+00:00,1.16443,1.16493,1.16441,1.16451,1887
2026-03-05T00:00:00+00:00,1.16451,1.16557,1.16424,1.16554,5223
2026-03-05T01:00:00+00:00,1.16554,1.16577,1.16375,1.16386,11336
2026-03-05T02:00:00+00:00,1.16386,1.16423,1.16327,1.1636,7388
2026-03-05T03:00:00+00:00,1.1636,1.1638,1.16206,1.16237,7515
2026-03-05T04:00:00+00:00,1.16237,1.16251,1.1616,1.16187,5390
2026-03-05T05:00:00+00:00,1.16187,1.16244,1.16045,1.1605,7048
2026-03-05T06:00:00+00:00,1.1605,1.16263,1.15981,1.16174,13757
2026-03-05T07:00:00+00:00,1.16174,1.16265,1.16097,1.16153,12756
2026-03-05T08:00:00+00:00,1.16153,1.16153,1.1592,1.1609099999999999,16706
2026-03-05T09:00:00+00:00,1.1609099999999999,1.16544,1.16069,1.16329,37560
2026-03-05T10:00:00+00:00,1.16329,1.1642,1.16166,1.1621299999999999,11746
2026-03-05T11:00:00+00:00,1.1621299999999999,1.16276,1.16142,1.16218,9984
2026-03-05T12:00:00+00:00,1.16218,1.1635199999999999,1.16178,1.16309,10695
2026-03-05T13:00:00+00:00,1.16309,1.16348,1.16005,1.16079,15076
2026-03-05T14:00:00+00:00,1.16079,1.16192,1.16028,1.16129,21037
2026-03-05T15:00:00+00:00,1.16129,1.16194,1.15795,1.15936,23576
2026-03-05T16:00:00+00:00,1.15936,1.15971,1.15695,1.15942,21044
2026-03-05T17:00:00+00:00,1.15942,1.16023,1.1582999999999999,1.15982,23267
2026-03-05T18:00:00+00:00,1.15982,1.1602,1.15816,1.15965,17158
2026-03-05T19:00:00+00:00,1.15965,1.15985,1.15805,1.15834,12521
2026-03-05T20:00:00+00:00,1.15834,1.16207,1.15806,1.16151,20697
2026-03-05T21:00:00+00:00,1.16151,1.16208,1.16123,1.16188,5046
2026-03-05T22:00:00+00:00,1.16188,1.16204,1.16155,1.16185,985.8411438511979
2026-03-05T23:00:00+00:00,1.16185,1.1621400000000002,1.16144,1.16178,2488
2026-03-06T00:00:00+00:00,1.16178,1.16255,1.1616600000000001,1.16222,5575
2026-03-06T01:00:00+00:00,1.16222,1.16314,1.16181,1.1626400000000001,9052
2026-03-06T02:00:00+00:00,1.1626400000000001,1.16318,1.16256,1.16277,5490
2026-03-06T03:00:00+00:00,1.16277,1.1631900000000002,1.1627500000000002,1.16313,3740
2026-03-06T04:00:00+00:00,1.16313,1.16323,1.1624400000000001,1.16249,3241
2026-03-06T05:00:00+00:00,1.16249,1.16279,1.1616900000000001,1.1617600000000001,6347
2026-03-06T06:00:00+00:00,1.1617600000000001,1.16233,1.16131,1.16229,6351
2026-03-06T07:00:00+00:00,1.16229,1.16293,1.16178,1.16257,7879
2026-03-06T08:00:00+00:00,1.16257,1.1625800000000002,1.16128,1.16141,11519
2026-03-06T09:00:00+00:00,1.16141,1.16141,1.1583,1.1585400000000001,14609
2026-03-06T10:00:00+00:00,1.1585400000000001,1.15961,1.1584,1.1589500000000001,10567
2026-03-06T11:00:00+00:00,1.1589500000000001,1.15924,1.15723,1.15737,13377
2026-03-06T12:00:00+00:00,1.15737,1.1580000000000001,1.15635,1.1566100000000001,12598
2026-03-06T13:00:00+00:00,1.1566100000000001,1.16038,1.15618,1.15662,36608
2026-03-06T14:00:00+00:00,1.15662,1.15859,1.15571,1.15833,34257
2026-03-06T15:00:00+00:00,1.15833,1.1604,1.1582000000000001,1.1590900000000002,31043
2026-03-06T16:00:00+00:00,1.1590900000000002,1.16242,1.15901,1.16168,23516
2026-03-06T17:00:00+00:00,1.16168,1.16205,1.1606,1.1607,19049
2026-03-06T18:00:00+00:00,1.1607,1.1632600000000002,1.1604100000000002,1.16096,18281
2026-03-06T19:00:00+00:00,1.16096,1.16209,1.1608,1.1612600000000002,11501
2026-03-06T20:00:00+00:00,1.1612600000000002,1.1621000000000001,1.16069,1.16172,9398
2026-03-06T21:00:00+00:00,1.16172,1.16293,1.16165,1.1627,6524
2026-03-08T21:00:00+00:00,1.1627,1.16381,1.1626400000000001,1.16283,2265.1711848855903
2026-03-08T22:00:00+00:00,1.16283,1.1633900000000001,1.1608,1.16178,12477
2026-03-08T23:00:00+00:00,1.16178,1.1622000000000001,1.1603400000000001,1.1606400000000001,12664
2026-03-09T00:00:00+00:00,1.1606400000000001,1.1613600000000002,1.15982,1.15995,14350
2026-03-09T01:00:00+00:00,1.15995,1.1606,1.15894,1.1591200000000002,15842
2026-03-09T02:00:00+00:00,1.1591200000000002,1.16104,1.15904,1.1607,14493
2026-03-09T03:00:00+00:00,1.1607,1.1611,1.15948,1.1598700000000002,10913
2026-03-09T04:00:00+00:00,1.1598700000000002,1.1611500000000001,1.1598000000000002,1.1607900000000002,7508
2026-03-09T05:00:00+00:00,1.1607900000000002,1.16535,1.1606,1.16497,23244
2026-03-09T06:00:00+00:00,1.16497,1.16511,1.1627,1.1627,19264
2026-03-09T07:00:00+00:00,1.1627,1.16473,1.16179,1.1645800000000002,22705
2026-03-09T08:00:00+00:00,1.1645800000000002,1.1647200000000002,1.1597300000000001,1.1616600000000001,27091
2026-03-09T09:00:00+00:00,1.1616600000000001,1.1655200000000001,1.1613000000000002,1.16362,26366
2026-03-09T10:00:00+00:00,1.16362,1.1647,1.1629,1.1642400000000002,21924
2026-03-09T11:00:00+00:00,1.1642400000000002,1.1649900000000002,1.1637300000000002,1.1643400000000002,15237
2026-03-09T12:00:00+00:00,1.1643400000000002,1.1650600000000002,1.1632200000000001,1.16355,15151
2026-03-09T13:00:00+00:00,1.16355,1.1669900000000002,1.16345,1.16579,25691
2026-03-09T14:00:00+00:00,1.16579,1.16602,1.1629900000000002,1.1655000000000002,33176
2026-03-09T15:00:00+00:00,1.1655000000000002,1.1675900000000001,1.16547,1.16737,19365
2026-03-09T16:00:00+00:00,1.16737,1.1681300000000001,1.16674,1.1669800000000001,14510
2026-03-09T17:00:00+00:00,1.1669800000000001,1.1671600000000002,1.1660700000000002,1.16609,10943
2026-03-09T18:00:00+00:00,1.16609,1.1666500000000002,1.1658000000000002,1.16585,9951
2026-03-09T19:00:00+00:00,1.16585,1.1715600000000002,1.16575,1.1691,38262
2026-03-09T20:00:00+00:00,1.1691,1.17195,1.1690800000000001,1.1716700000000002,8872
2026-03-09T21:00:00+00:00,1.1716700000000002,1.17194,1.17126,1.17193,984.1674777550609
2026-03-09T22:00:00+00:00,1.17193,1.17279,1.17052,1.17118,5858
2026-03-09T23:00:00+00:00,1.17118,1.17136,1.1697,1.16988,5938
2026-03-10T00:00:00+00:00,1.16988,1.17177,1.1694,1.17086,13258
2026-03-10T01:00:00+00:00,1.17086,1.17117,1.16941,1.17022,14507
2026-03-10T02:00:00+00:00,1.17022,1.17092,1.1694,1.16954,8754
2026-03-10T03:00:00+00:00,1.16954,1.16979,1.16903,1.16918,6626
2026-03-10T04:00:00+00:00,1.16918,1.16966,1.16893,1.16941,4385
2026-03-10T05:00:00+00:00,1.16941,1.17026,1.16939,1.17026,6252
2026-03-10T06:00:00+00:00,1.17026,1.17199,1.17026,1.17148,7599
2026-03-10T07:00:00+00:00,1.17148,1.1745700000000001,1.17101,1.17429,15206
2026-03-10T08:00:00+00:00,1.17429,1.17442,1.17255,1.1728100000000001,17354
2026-03-10T09:00:00+00:00,1.1728100000000001,1.17412,1.17262,1.17337,11886
2026-03-10T10:00:00+00:00,1.17337,1.17341,1.17027,1.17217,14404
2026-03-10T11:00:00+00:00,1.17217,1.17351,1.17185,1.17207,15981
2026-03-10T12:00:00+00:00,1.17207,1.17231,1.1703700000000001,1.17168,17868
2026-03-10T13:00:00+00:00,1.17168,1.17312,1.1711500000000001,1.17147,20008
2026-03-10T14:00:00+00:00,1.17147,1.17327,1.17094,1.1730800000000001,16194
2026-03-10T15:00:00+00:00,1.1730800000000001,1.17373,1.17221,1.17299,13562
2026-03-10T16:00:00+00:00,1.17299,1.1736900000000001,1.17214,1.1734200000000001,11738
2026-03-10T17:00:00+00:00,1.1734200000000001,1.17496,1.17238,1.1727400000000001,17044
2026-03-10T18:00:00+00:00,1.1727400000000001,1.17283,1.16963,1.17068,30121
2026-03-10T19:00:00+00:00,1.17068,1.17109,1.1689800000000001,1.16965,16887
2026-03-10T20:00:00+00:00,1.16965,1.16977,1.16902,1.16931,4812
2026-03-10T21:00:00+00:00,1.16931,1.1693500000000001,1.16879,1.1692500000000001,2587.4086225853302
2026-03-10T22:00:00+00:00,1.1692500000000001,1.16954,1.16851,1.16871,1749
2026-03-10T23:00:00+00:00,1.16871,1.16943,1.16871,1.16938,2721
2026-03-11T00:00:00+00:00,1.16938,1.17071,1.1688100000000001,1.17002,9536
2026-03-11T01:00:00+00:00,1.17002,1.17104,1.16948,1.17092,7792
2026-03-11T02:00:00+00:00,1.17092,1.17116,1.1701,1.17082,5695
2026-03-11T03:00:00+00:00,1.17082,1.17141,1.17073,1.17127,4456
2026-03-11T04:00:00+00:00,1.17127,1.17175,1.17102,1.1716,4007
2026-03-11T05:00:00+00:00,1.1716,1.17184,1.17124,1.17153,4922
2026-03-11T06:00:00+00:00,1.17153,1.17233,1.17121,1.17156,6777
2026-03-11T07:00:00+00:00,1.17156,1.17277,1.1695900000000001,1.16993,14665
2026-03-11T08:00:00+00:00,1.16993,1.1703700000000001,1.16829,1.16919,14150
2026-03-11T09:00:00+00:00,1.16919,1.1693200000000001,1.16696,1.1671500000000001,18686
2026-03-11T10:00:00+00:00,1.1671500000000001,1.16911,1.16704,1.16865,11852
2026-03-11T11:00:00+00:00,1.16865,1.169,1.1673900000000001,1.1674,11726
2026-03-11T12:00:00+00:00,1.1674,1.16846,1.1656900000000001,1.16619,20247
2026-03-11T13:00:00+00:00,1.16619,1.16727,1.16571,1.1671,19127
2026-03-11T14:00:00+00:00,1.1671,1.16919,1.16604,1.16613,34743
2026-03-11T15:00:00+00:00,1.16613,1.16635,1.16448,1.16456,13960
2026-03-11T16:00:00+00:00,1.16456,1.16558,1.16425,1.16503,11805
2026-03-11T17:00:00+00:00,1.16503,1.16557,1.1640300000000001,1.16506,13025
2026-03-11T18:00:00+00:00,1.16506,1.16537,1.1643400000000002,1.1651,8635
2026-03-11T19:00:00+00:00,1.1651,1.1655600000000002,1.16474,1.1652500000000001,4928
2026-03-11T20:00:00+00:00,1.1652500000000001,1.16528,1.16442,1.16462,2755
2026-03-11T21:00:00+00:00,1.16462,1.1653200000000001,1.16436,1.1652400000000003,1238.4045058522493
2026-03-11T22:00:00+00:00,1.1652400000000003,1.16535,1.1628800000000001,1.1629300000000002,3871
2026-03-11T23:00:00+00:00,1.1629300000000002,1.1633000000000002,1.1619000000000002,1.1622000000000001,4982
2026-03-12T00:00:00+00:00,1.1622000000000001,1.1629200000000002,1.1613300000000002,1.1625000000000003,8035
2026-03-12T01:00:00+00:00,1.1625000000000003,1.1634800000000003,1.1624700000000001,1.1630000000000003,6157
2026-03-12T02:00:00+00:00,1.1630000000000003,1.1633400000000003,1.1611600000000002,1.1618100000000002,6064
2026-03-12T03:00:00+00:00,1.1618100000000002,1.1619500000000003,1.1612400000000003,1.1617500000000003,3969
2026-03-12T04:00:00+00:00,1.1617500000000003,1.1619100000000002,1.1611200000000002,1.1612400000000003,3154
2026-03-12T05:00:00+00:00,1.1612400000000003,1.1624300000000003,1.1611900000000002,1.1618700000000002,6821
2026-03-12T06:00:00+00:00,1.1618700000000002,1.1630800000000001,1.1618600000000001,1.1627100000000001,6230
2026-03-12T07:00:00+00:00,1.1627100000000001,1.1632000000000002,1.1620700000000002,1.1630300000000002,7333
2026-03-12T08:00:00+00:00,1.1630300000000002,1.1635100000000003,1.1622600000000003,1.1626600000000002,9571
2026-03-12T09:00:00+00:00,1.1626600000000002,1.1640500000000003,1.1623800000000002,1.1638800000000002,7688
2026-03-12T10:00:00+00:00,1.1638800000000002,1.1642100000000002,1.1628600000000002,1.1637000000000002,7711
2026-03-12T11:00:00+00:00,1.1637000000000002,1.1645500000000002,1.1631700000000003,1.1635500000000003,8971
2026-03-12T12:00:00+00:00,1.1635500000000003,1.1636700000000002,1.1611900000000002,1.1618500000000003,11565
2026-03-12T13:00:00+00:00,1.1618500000000003,1.1629600000000002,1.1599400000000002,1.1605400000000001,21153
2026-03-12T14:00:00+00:00,1.1605400000000001,1.1612300000000002,1.1594800000000003,1.1599800000000002,21090
2026-03-12T15:00:00+00:00,1.1599800000000002,1.1607600000000002,1.1590200000000002,1.1601200000000003,22750
2026-03-12T16:00:00+00:00,1.1601200000000003,1.1611600000000002,1.1592900000000002,1.1601200000000003,17809
2026-03-12T17:00:00+00:00,1.1601200000000003,1.1611100000000003,1.1598500000000003,1.1601200000000003,13446
2026-03-12T18:00:00+00:00,1.1601200000000003,1.1603600000000003,1.1590500000000001,1.1591500000000001,8626
2026-03-12T19:00:00+00:00,1.1591500000000001,1.1597700000000002,1.1590100000000003,1.1594400000000002,7595
2026-03-12T20:00:00+00:00,1.1594400000000002,1.1595600000000001,1.1588800000000001,1.1590500000000001,3367
2026-03-12T21:00:00+00:00,1.1590500000000001,1.1591100000000003,1.1589000000000003,1.1590400000000003,734.1963355834137
2026-03-12T22:00:00+00:00,1.1590400000000003,1.1600600000000003,1.1589700000000003,1.1598100000000002,2664
2026-03-12T23:00:00+00:00,1.1598100000000002,1.1601900000000003,1.1594300000000002,1.1600200000000003,3354
2026-03-13T00:00:00+00:00,1.1600200000000003,1.1607600000000002,1.1599700000000002,1.1602600000000003,6363
2026-03-13T01:00:00+00:00,1.1602600000000003,1.1608900000000002,1.1593600000000002,1.1595600000000001,5100
2026-03-13T02:00:00+00:00,1.1595600000000001,1.1601400000000002,1.1590300000000002,1.1592900000000002,4695
2026-03-13T03:00:00+00:00,1.1592900000000002,1.1594900000000001,1.1584000000000003,1.1588500000000002,4478
2026-03-13T04:00:00+00:00,1.1588500000000002,1.1588500000000002,1.1579300000000001,1.1582500000000002,3979
2026-03-13T05:00:00+00:00,1.1582500000000002,1.1585600000000003,1.1579200000000003,1.1580000000000001,3916
2026-03-13T06:00:00+00:00,1.1580000000000001,1.1582500000000002,1.1561400000000002,1.1561900000000003,7013
2026-03-13T07:00:00+00:00,1.1561900000000003,1.1562900000000003,1.1533400000000003,1.1537100000000002,12458
2026-03-13T08:00:00+00:00,1.1537100000000002,1.1538400000000002,1.1512300000000002,1.1524400000000001,15029
2026-03-13T09:00:00+00:00,1.1524400000000001,1.1540900000000003,1.1524400000000001,1.1532200000000001,12714
2026-03-13T10:00:00+00:00,1.1532200000000001,1.1551200000000001,1.1531200000000001,1.1537600000000001,10725
2026-03-13T11:00:00+00:00,1.1537600000000001,1.1550000000000002,1.1534700000000002,1.1547700000000003,14485
2026-03-13T12:00:00+00:00,1.1547700000000003,1.1567700000000003,1.1540300000000001,1.1557200000000003,17209
2026-03-13T13:00:00+00:00,1.1557200000000003,1.1569400000000003,1.1553000000000002,1.1558000000000002,16532
2026-03-13T14:00:00+00:00,1.1558000000000002,1.1564000000000003,1.1534800000000003,1.1536400000000002,19001
2026-03-13T15:00:00+00:00,1.1536400000000002,1.1540400000000002,1.1513700000000002,1.1522400000000002,20054
2026-03-13T16:00:00+00:00,1.1522400000000002,1.1529700000000003,1.1515400000000002,1.1521300000000003,15867
2026-03-13T17:00:00+00:00,1.1521300000000003,1.1525400000000001,1.1513100000000003,1.1521600000000003,10431
2026-03-13T18:00:00+00:00,1.1521600000000003,1.1522100000000002,1.1511100000000003,1.1515200000000003,8877
2026-03-13T19:00:00+00:00,1.1515200000000003,1.1516200000000003,1.1499400000000002,1.1501600000000003,6459
2026-03-13T20:00:00+00:00,1.1501600000000003,1.1502000000000001,1.1490300000000002,1.1493400000000003,4679
2026-03-15T21:00:00+00:00,1.1493400000000003,1.1494100000000003,1.14847,1.1488600000000002,1249.826902963924
2026-03-15T22:00:00+00:00,1.1488600000000002,1.1505600000000002,1.1485300000000003,1.1496200000000003,6599
2026-03-15T23:00:00+00:00,1.1496200000000003,1.1502000000000001,1.1492300000000002,1.1501900000000003,6256
2026-03-16T00:00:00+00:00,1.1501900000000003,1.1521800000000002,1.1501500000000002,1.1521100000000002,8410
2026-03-16T01:00:00+00:00,1.1521100000000002,1.1522800000000002,1.1506100000000001,1.1515700000000002,8309
2026-03-16T02:00:00+00:00,1.1515700000000002,1.1517800000000002,1.1511300000000002,1.15142,5909
2026-03-16T03:00:00+00:00,1.15142,1.1520200000000003,1.1512100000000003,1.1517000000000002,3843
2026-03-16T04:00:00+00:00,1.1517000000000002,1.1517800000000002,1.1507700000000003,1.1507800000000001,3038
2026-03-16T05:00:00+00:00,1.1507800000000001,1.1509600000000002,1.1499500000000002,1.1501000000000001,4365
2026-03-16T06:00:00+00:00,1.1501000000000001,1.1502900000000003,1.1490500000000001,1.1498000000000002,6070
2026-03-16T07:00:00+00:00,1.1498000000000002,1.1501100000000002,1.1480600000000003,1.1492300000000002,8601
2026-03-16T08:00:00+00:00,1.1492300000000002,1.1511700000000002,1.1492300000000002,1.1511200000000001,12388
2026-03-16T09:00:00+00:00,1.1511200000000001,1.1518900000000003,1.15074,1.1516300000000002,9552
2026-03-16T10:00:00+00:00,1.1516300000000002,1.1544200000000002,1.1514100000000003,1.1541600000000003,10747
2026-03-16T11:00:00+00:00,1.1541600000000003,1.1553400000000003,1.1537200000000003,1.1545600000000003,9371
2026-03-16T12:00:00+00:00,1.1545600000000003,1.1554200000000001,1.15386,1.1540100000000002,10545
2026-03-16T13:00:00+00:00,1.1540100000000002,1.1567200000000002,1.1540100000000002,1.1566500000000002,11933
2026-03-16T14:00:00+00:00,1.1566500000000002,1.1568500000000002,1.1546700000000003,1.1555100000000003,14594
2026-03-16T15:00:00+00:00,1.1555100000000003,1.1566600000000002,1.1546900000000002,1.1553200000000001,9813
2026-03-16T16:00:00+00:00,1.1553200000000001,1.1565600000000003,1.1544100000000002,1.1559900000000003,11304
2026-03-16T17:00:00+00:00,1.1559900000000003,1.15701,1.1557000000000002,1.1558500000000003,11116
2026-03-16T18:00:00+00:00,1.1558500000000003,1.15901,1.1558400000000002,1.1585000000000003,8940
2026-03-16T19:00:00+00:00,1.1585000000000003,1.1591300000000002,1.1572500000000001,1.1574200000000001,9168
2026-03-16T20:00:00+00:00,1.1574200000000001,1.1576800000000003,1.1569500000000001,1.1571000000000002,3695
2026-03-16T21:00:00+00:00,1.1571000000000002,1.1573700000000002,1.1568400000000003,1.1571400000000003,1125.762261710683
2026-03-16T22:00:00+00:00,1.1571400000000003,1.1572500000000003,1.1564400000000004,1.1565300000000003,1738
2026-03-16T23:00:00+00:00,1.1565300000000003,1.1566200000000002,1.1561300000000003,1.1564600000000003,2573
2026-03-17T00:00:00+00:00,1.1564600000000003,1.1564800000000002,1.1555600000000004,1.1559000000000004,5594
2026-03-17T01:00:00+00:00,1.1559000000000004,1.1562000000000003,1.1553000000000002,1.1559400000000002,6348
2026-03-17T02:00:00+00:00,1.1559400000000002,1.1565100000000004,1.1557500000000003,1.1561500000000002,3128
2026-03-17T03:00:00+00:00,1.1561500000000002,1.1569400000000003,1.1558200000000003,1.1558200000000003,4885
2026-03-17T04:00:00+00:00,1.1558200000000003,1.1566400000000003,1.1555800000000003,1.1563600000000003,2065
2026-03-17T05:00:00+00:00,1.1563600000000003,1.1565600000000003,1.1544600000000003,1.1545800000000002,5011
2026-03-17T06:00:00+00:00,1.1545800000000002,1.1548100000000003,1.1532400000000003,1.1548100000000003,7330
2026-03-17T07:00:00+00:00,1.1548100000000003,1.1566700000000003,1.1546200000000002,1.1561400000000002,7160
2026-03-17T08:00:00+00:00,1.1561400000000002,1.1584400000000004,1.1554100000000003,1.1576900000000003,11374
2026-03-17T09:00:00+00:00,1.1576900000000003,1.1591200000000004,1.1574500000000003,1.1582800000000002,8952
2026-03-17T10:00:00+00:00,1.1582800000000002,1.1582800000000002,1.1570400000000003,1.1572700000000002,8123
2026-03-17T11:00:00+00:00,1.1572700000000002,1.1585000000000003,1.1571200000000004,1.1574000000000002,7692
2026-03-17T12:00:00+00:00,1.1574000000000002,1.1591100000000003,1.1570900000000002,1.1590600000000002,10651
2026-03-17T13:00:00+00:00,1.1590600000000002,1.1610000000000003,1.1590600000000002,1.1596200000000003,16240
2026-03-17T14:00:00+00:00,1.1596200000000003,1.1604500000000004,1.1586500000000004,1.1599100000000002,11443
2026-03-17T15:00:00+00:00,1.1599100000000002,1.1604600000000003,1.1586500000000004,1.1590800000000003,14231
2026-03-17T16:00:00+00:00,1.1590800000000003,1.1598800000000002,1.1584100000000004,1.1593900000000004,11353
2026-03-17T17:00:00+00:00,1.1593900000000004,1.1606000000000003,1.1592400000000003,1.1605600000000003,7019
2026-03-17T18:00:00+00:00,1.1605600000000003,1.1613100000000003,1.1604300000000003,1.1605000000000003,5669
2026-03-17T19:00:00+00:00,1.1605000000000003,1.1607000000000003,1.1599800000000002,1.1601400000000004,3389
2026-03-17T20:00:00+00:00,1.1601400000000004,1.1607700000000003,1.1600900000000003,1.1605500000000004,2331
2026-03-17T21:00:00+00:00,1.1605500000000004,1.1605500000000004,1.1599600000000003,1.1600600000000003,1406
2026-03-17T22:00:00+00:00,1.1600600000000003,1.1610500000000004,1.1600600000000003,1.1605100000000004,2155
2026-03-17T23:00:00+00:00,1.1605100000000004,1.1606900000000002,1.1602700000000004,1.1604700000000003,6840
2026-03-18T00:00:00+00:00,1.1604700000000003,1.1609600000000002,1.1597100000000002,1.1597700000000004,7778
2026-03-18T01:00:00+00:00,1.1597700000000004,1.1605200000000002,1.1597200000000003,1.1599100000000002,4193
2026-03-18T02:00:00+00:00,1.1599100000000002,1.1603300000000003,1.1597200000000003,1.1597700000000004,2886
2026-03-18T03:00:00+00:00,1.1597700000000004,1.1601900000000003,1.1597300000000004,1.1601200000000003,2162
2026-03-18T04:00:00+00:00,1.1601200000000003,1.1607700000000003,1.1601200000000003,1.1606900000000002,2404
2026-03-18T05:00:00+00:00,1.1606900000000002,1.1612000000000002,1.1605300000000003,1.1610700000000003,3035
2026-03-18T06:00:00+00:00,1.1610700000000003,1.1614400000000002,1.1604500000000002,1.1607400000000003,3667
2026-03-18T07:00:00+00:00,1.1607400000000003,1.1610800000000003,1.1588500000000004,1.1591600000000004,5391
2026-03-18T08:00:00+00:00,1.1591600000000004,1.1599400000000002,1.1583100000000004,1.1597500000000003,7751
2026-03-18T09:00:00+00:00,1.1597500000000003,1.1604500000000002,1.1590500000000004,1.1603600000000003,5736
2026-03-18T10:00:00+00:00,1.1603600000000003,1.1608900000000002,1.1598900000000003,1.1604900000000002,5125
2026-03-18T11:00:00+00:00,1.1604900000000002,1.1620400000000004,1.1595300000000004,1.1611800000000003,11173
2026-03-18T12:00:00+00:00,1.1611800000000003,1.1613100000000003,1.1570700000000003,1.1572500000000003,20739
2026-03-18T13:00:00+00:00,1.1572500000000003,1.1580800000000002,1.1555900000000003,1.1580100000000002,20335
2026-03-18T14:00:00+00:00,1.1580100000000002,1.1592500000000003,1.1569400000000003,1.1581700000000004,18151
2026-03-18T15:00:00+00:00,1.1581700000000004,1.1594800000000003,1.1576700000000002,1.1578000000000004,15019
2026-03-18T16:00:00+00:00,1.1578000000000004,1.1587400000000003,1.1572100000000003,1.1575900000000003,10488
2026-03-18T17:00:00+00:00,1.1575900000000003,1.1581800000000002,1.1567800000000004,1.1581100000000002,8904
2026-03-18T18:00:00+00:00,1.1581100000000002,1.1590100000000003,1.1542300000000003,1.1542500000000002,22009
2026-03-18T19:00:00+00:00,1.1542500000000002,1.1547600000000002,1.1533700000000002,1.1534600000000004,13121
2026-03-18T20:00:00+00:00,1.1534600000000004,1.1535600000000004,1.1515100000000003,1.1516900000000003,6146
2026-03-18T21:00:00+00:00,1.1516900000000003,1.1535400000000002,1.1514900000000003,1.1529000000000003,1201
2026-03-18T22:00:00+00:00,1.1529000000000003,1.1529900000000004,1.1516100000000002,1.1522000000000003,4180
2026-03-18T23:00:00+00:00,1.1522000000000003,1.1531000000000002,1.1520500000000002,1.1528600000000002,5723
2026-03-19T00:00:00+00:00,1.1528600000000002,1.1539400000000004,1.1527400000000003,1.1539100000000002,7401
2026-03-19T01:00:00+00:00,1.1539100000000002,1.1548700000000003,1.1538400000000002,1.1541400000000004,6339
2026-03-19T02:00:00+00:00,1.1541400000000004,1.1556500000000003,1.1537000000000004,1.1547200000000004,8475
2026-03-19T03:00:00+00:00,1.1547200000000004,1.1548600000000002,1.1539800000000002,1.1539900000000003,4311
2026-03-19T04:00:00+00:00,1.1539900000000003,1.1540100000000002,1.1532100000000003,1.1534100000000003,3210
2026-03-19T05:00:00+00:00,1.1534100000000003,1.1536100000000002,1.1528600000000002,1.1530900000000004,4421
2026-03-19T06:00:00+00:00,1.1530900000000004,1.1541900000000003,1.1526200000000002,1.1530500000000004,7262
2026-03-19T07:00:00+00:00,1.1530500000000004,1.1540400000000004,1.1516000000000004,1.1517700000000004,16063
2026-03-19T08:00:00+00:00,1.1517700000000004,1.1524100000000004,1.1508100000000003,1.1516100000000002,17919
2026-03-19T09:00:00+00:00,1.1516100000000002,1.1553000000000002,1.1516100000000002,1.1545400000000003,26898
2026-03-19T10:00:00+00:00,1.1545400000000003,1.1545400000000003,1.1531700000000003,1.1539000000000004,12608
2026-03-19T11:00:00+00:00,1.1539000000000004,1.1546500000000004,1.1530900000000004,1.1544800000000004,10619
2026-03-19T12:00:00+00:00,1.1544800000000004,1.1555000000000002,1.1527900000000002,1.1552300000000002,23646
2026-03-19T13:00:00+00:00,1.1552300000000002,1.1592000000000002,1.1534600000000004,1.1582900000000003,41313
2026-03-19T14:00:00+00:00,1.1582900000000003,1.1593000000000002,1.1565800000000004,1.1581500000000002,33197
2026-03-19T15:00:00+00:00,1.1581500000000002,1.1603900000000003,1.1563700000000003,1.1579400000000004,22873
2026-03-19T16:00:00+00:00,1.1579400000000004,1.1602700000000004,1.1577100000000002,1.1600900000000003,23213
2026-03-19T17:00:00+00:00,1.1600900000000003,1.1632600000000004,1.1600900000000003,1.1625300000000003,14132
2026-03-19T18:00:00+00:00,1.1625300000000003,1.1649300000000002,1.1616500000000003,1.1648900000000002,12284
2026-03-19T19:00:00+00:00,1.1648900000000002,1.1681400000000004,1.1642400000000004,1.1649900000000004,30802
2026-03-19T20:00:00+00:00,1.1649900000000004,1.1655300000000004,1.1645600000000003,1.1653500000000003,4514
2026-03-19T21:00:00+00:00,1.1653500000000003,1.1653600000000004,1.1645200000000002,1.1646300000000003,1013.1911523116639
2026-03-19T22:00:00+00:00,1.1646300000000003,1.1660100000000002,1.1642700000000004,1.1643400000000004,3775
2026-03-19T23:00:00+00:00,1.1643400000000004,1.1646800000000004,1.1639600000000003,1.1641700000000004,4671
2026-03-20T00:00:00+00:00,1.1641700000000004,1.1645100000000004,1.1636200000000003,1.1639000000000004,6112
2026-03-20T01:00:00+00:00,1.1639000000000004,1.1642200000000003,1.1628700000000003,1.1630300000000002,6457
2026-03-20T02:00:00+00:00,1.1630300000000002,1.1633000000000002,1.1626900000000002,1.1628700000000003,3892
2026-03-20T03:00:00+00:00,1.1628700000000003,1.1628800000000004,1.1621400000000004,1.1621900000000003,2827
2026-03-20T04:00:00+00:00,1.1621900000000003,1.1625000000000003,1.1620200000000003,1.1620700000000004,2137
2026-03-20T05:00:00+00:00,1.1620700000000004,1.1626200000000002,1.1617700000000004,1.1617700000000004,3541
2026-03-20T06:00:00+00:00,1.1617700000000004,1.1631300000000002,1.1617700000000004,1.1624400000000004,4338
2026-03-20T07:00:00+00:00,1.1624400000000004,1.1640300000000003,1.1620900000000003,1.1638100000000002,9979
2026-03-20T08:00:00+00:00,1.1638100000000002,1.1645900000000002,1.1632900000000004,1.1633000000000002,10241
2026-03-20T09:00:00+00:00,1.1633000000000002,1.1637900000000003,1.1613100000000003,1.1613900000000004,12971
2026-03-20T10:00:00+00:00,1.1613900000000004,1.1627700000000003,1.1600100000000002,1.1625000000000003,12682
2026-03-20T11:00:00+00:00,1.1625000000000003,1.1645100000000004,1.1622500000000002,1.1636700000000002,10422
2026-03-20T12:00:00+00:00,1.1636700000000002,1.1645000000000003,1.1627200000000002,1.1629600000000002,17305
2026-03-20T13:00:00+00:00,1.1629600000000002,1.1631000000000002,1.1605200000000002,1.1606300000000003,18088
2026-03-20T14:00:00+00:00,1.1606300000000003,1.1609000000000003,1.1589700000000003,1.1600000000000004,22123
2026-03-20T15:00:00+00:00,1.1600000000000004,1.1622800000000002,1.1599800000000002,1.1607300000000003,21091
2026-03-20T16:00:00+00:00,1.1607300000000003,1.1631700000000003,1.1606400000000003,1.1624400000000004,13218
2026-03-20T17:00:00+00:00,1.1624400000000004,1.1635700000000002,1.1614800000000003,1.1623100000000004,16026
2026-03-20T18:00:00+00:00,1.1623100000000004,1.1636700000000002,1.1612700000000002,1.1615600000000004,16421
2026-03-20T19:00:00+00:00,1.1615600000000004,1.1627000000000003,1.1612100000000003,1.1623500000000002,10326
2026-03-20T20:00:00+00:00,1.1623500000000002,1.1636500000000003,1.1622400000000004,1.1636100000000005,5435.738292394405
2026-03-22T21:00:00+00:00,1.1636100000000005,1.16398,1.1633500000000003,1.1638400000000002,240.8083922329989
2026-03-22T22:00:00+00:00,1.1638400000000002,1.1663000000000001,1.1638400000000002,1.16588,4952
2026-03-22T23:00:00+00:00,1.16588,1.1665100000000002,1.1657700000000002,1.1662400000000002,6326
2026-03-23T00:00:00+00:00,1.1662400000000002,1.1664700000000001,1.1639100000000002,1.1644700000000001,12417
2026-03-23T01:00:00+00:00,1.1644700000000001,1.1662100000000002,1.1644700000000001,1.16548,12503
2026-03-23T02:00:00+00:00,1.16548,1.16578,1.1643500000000002,1.1647100000000001,7521
2026-03-23T03:00:00+00:00,1.1647100000000001,1.1650800000000001,1.1643000000000001,1.1647500000000002,5134
2026-03-23T04:00:00+00:00,1.1647500000000002,1.1652,1.1646200000000002,1.1650900000000002,3699
2026-03-23T05:00:00+00:00,1.1650900000000002,1.16528,1.16345,1.1634600000000002,5873
2026-03-23T06:00:00+00:00,1.1634600000000002,1.16347,1.16209,1.1630900000000002,10169
2026-03-23T07:00:00+00:00,1.1630900000000002,1.16405,1.16242,1.16277,13221
2026-03-23T08:00:00+00:00,1.16277,1.16466,1.1626500000000002,1.1630200000000002,18705
2026-03-23T09:00:00+00:00,1.1630200000000002,1.1634200000000001,1.1591500000000001,1.1595300000000002,14875
2026-03-23T10:00:00+00:00,1.1595300000000002,1.1601800000000002,1.15849,1.1586200000000002,12945
2026-03-23T11:00:00+00:00,1.1586200000000002,1.1719300000000001,1.1586200000000002,1.16568,66433
2026-03-23T12:00:00+00:00,1.16568,1.17147,1.16466,1.17127,41858
2026-03-23T13:00:00+00:00,1.17127,1.1715600000000002,1.1680400000000002,1.1700100000000002,36970
2026-03-23T14:00:00+00:00,1.1700100000000002,1.1740000000000002,1.1693200000000001,1.1715600000000002,35648
2026-03-23T15:00:00+00:00,1.1715600000000002,1.1731500000000001,1.16825,1.16866,29731
2026-03-23T16:00:00+00:00,1.16866,1.1701000000000001,1.1676900000000001,1.16914,24552
2026-03-23T17:00:00+00:00,1.16914,1.1709900000000002,1.1687,1.17023,17454
2026-03-23T18:00:00+00:00,1.17023,1.1737700000000002,1.16924,1.17354,16731
2026-03-23T19:00:00+00:00,1.17354,1.17358,1.17131,1.17138,8813
2026-03-23T20:00:00+00:00,1.17138,1.1715600000000002,1.1709800000000001,1.17121,3634
2026-03-23T21:00:00+00:00,1.17121,1.1714799999999999,1.17103,1.17143,825.6036271507685
2026-03-23T22:00:00+00:00,1.17143,1.1718199999999999,1.1708299999999998,1.1715099999999998,3187
2026-03-23T23:00:00+00:00,1.1715099999999998,1.1716199999999999,1.1706299999999998,1.1708599999999998,4413
2026-03-24T00:00:00+00:00,1.1708599999999998,1.17089,1.16817,1.16888,14819
2026-03-24T01:00:00+00:00,1.16888,1.16963,1.16793,1.1684999999999999,12157
2026-03-24T02:00:00+00:00,1.1684999999999999,1.16925,1.1683299999999999,1.1686299999999998,9176
2026-03-24T03:00:00+00:00,1.1686299999999998,1.1689699999999998,1.1681599999999999,1.16835,6182
2026-03-24T04:00:00+00:00,1.16835,1.1683899999999998,1.1676199999999999,1.1680799999999998,4173
2026-03-24T05:00:00+00:00,1.1680799999999998,1.16896,1.1676199999999999,1.1684199999999998,8496
2026-03-24T06:00:00+00:00,1.1684199999999998,1.1692799999999999,1.16794,1.16922,9673
2026-03-24T07:00:00+00:00,1.16922,1.1718099999999998,1.16898,1.17091,15375
2026-03-24T08:00:00+00:00,1.17091,1.1709699999999998,1.1682199999999998,1.16885,17441
2026-03-24T09:00:00+00:00,1.16885,1.16973,1.1679099999999998,1.16952,12141
2026-03-24T10:00:00+00:00,1.16952,1.1696799999999998,1.16837,1.16926,10245
2026-03-24T11:00:00+00:00,1.16926,1.1700899999999999,1.16793,1.1689699999999998,12562
2026-03-24T12:00:00+00:00,1.1689699999999998,1.16997,1.1681499999999998,1.1684899999999998,14284
2026-03-24T13:00:00+00:00,1.1684899999999998,1.16912,1.16675,1.1678099999999998,22983
2026-03-24T14:00:00+00:00,1.1678099999999998,1.17074,1.1677799999999998,1.1689699999999998,25735
2026-03-24T15:00:00+00:00,1.1689699999999998,1.16976,1.16763,1.1678199999999999,23994
2026-03-24T16:00:00+00:00,1.1678199999999999,1.1692699999999998,1.1674499999999999,1.1683299999999999,12866
2026-03-24T17:00:00+00:00,1.1683299999999999,1.16837,1.16576,1.1676399999999998,25896
2026-03-24T18:00:00+00:00,1.1676399999999998,1.16929,1.16681,1.16827,16523
2026-03-24T19:00:00+00:00,1.16827,1.1693099999999998,1.16827,1.1685999999999999,8833
2026-03-24T20:00:00+00:00,1.1685999999999999,1.1728599999999998,1.1683199999999998,1.17075,19748
2026-03-24T21:00:00+00:00,1.17075,1.1713099999999999,1.17003,1.17098,2218.7175721160534
2026-03-24T22:00:00+00:00,1.17098,1.17197,1.1705299999999998,1.1714799999999999,5667
2026-03-24T23:00:00+00:00,1.1714799999999999,1.1719,1.1709399999999999,1.17143,4942
2026-03-25T00:00:00+00:00,1.17143,1.17312,1.17132,1.1723999999999999,11968
2026-03-25T01:00:00+00:00,1.1723999999999999,1.17251,1.17126,1.1712799999999999,9699
2026-03-25T02:00:00+00:00,1.1712799999999999,1.1713699999999998,1.1701799999999998,1.1704899999999998,6404
2026-03-25T03:00:00+00:00,1.1704899999999998,1.17061,1.17013,1.17044,4408
2026-03-25T04:00:00+00:00,1.17044,1.1704899999999998,1.1698199999999999,1.16986,3863
2026-03-25T05:00:00+00:00,1.16986,1.1698899999999999,1.16898,1.1692999999999998,5483
2026-03-25T06:00:00+00:00,1.1692999999999998,1.1700499999999998,1.16878,1.1697,5793
2026-03-25T07:00:00+00:00,1.1697,1.1705999999999999,1.16891,1.16983,9231
2026-03-25T08:00:00+00:00,1.16983,1.1717199999999999,1.1691399999999998,1.17034,15696
2026-03-25T09:00:00+00:00,1.17034,1.1710099999999999,1.1692099999999999,1.16997,10126
2026-03-25T10:00:00+00:00,1.16997,1.1706299999999998,1.16966,1.1705199999999998,8789
2026-03-25T11:00:00+00:00,1.1705199999999998,1.17122,1.1694799999999999,1.1706199999999998,9419
2026-03-25T12:00:00+00:00,1.1706199999999998,1.1714399999999998,1.1687199999999998,1.1692099999999999,17388
2026-03-25T13:00:00+00:00,1.1692099999999999,1.1699599999999999,1.1672399999999998,1.1673699999999998,17113
2026-03-25T14:00:00+00:00,1.1673699999999998,1.16885,1.1667199999999998,1.1686699999999999,17133
2026-03-25T15:00:00+00:00,1.1686699999999999,1.1690099999999999,1.16638,1.1670599999999998,18045
2026-03-25T16:00:00+00:00,1.1670599999999998,1.1677199999999999,1.1656099999999998,1.1668299999999998,15458
2026-03-25T17:00:00+00:00,1.1668299999999998,1.1684299999999999,1.16655,1.1679099999999998,11364
2026-03-25T18:00:00+00:00,1.1679099999999998,1.1681799999999998,1.1661599999999999,1.1667199999999998,10013
2026-03-25T19:00:00+00:00,1.1667199999999998,1.1667299999999998,1.1659799999999998,1.1663999999999999,8460
2026-03-25T20:00:00+00:00,1.1663999999999999,1.1664299999999999,1.1656799999999998,1.16594,3051
2026-03-25T21:00:00+00:00,1.16594,1.1661799999999998,1.16576,1.1660099999999998,854
2026-03-25T22:00:00+00:00,1.1660099999999998,1.1663199999999998,1.1656799999999998,1.1661,1550
2026-03-25T23:00:00+00:00,1.1661,1.1662799999999998,1.1659599999999999,1.16621,2206
2026-03-26T00:00:00+00:00,1.16621,1.16654,1.1654799999999998,1.1658899999999999,5748
2026-03-26T01:00:00+00:00,1.1658899999999999,1.1667599999999998,1.1658799999999998,1.16651,4970
2026-03-26T02:00:00+00:00,1.16651,1.16664,1.1655499999999999,1.1659499999999998,4262
2026-03-26T03:00:00+00:00,1.1659499999999998,1.1670299999999998,1.1658499999999998,1.1669299999999998,3405
2026-03-26T04:00:00+00:00,1.1669299999999998,1.1673099999999998,1.16681,1.1670099999999999,2512
2026-03-26T05:00:00+00:00,1.1670099999999999,1.1670599999999998,1.1658499999999998,1.16587,5114
2026-03-26T06:00:00+00:00,1.16587,1.16678,1.1652699999999998,1.1667299999999998,6320
2026-03-26T07:00:00+00:00,1.1667299999999998,1.1667299999999998,1.1651399999999998,1.1654399999999998,8141
2026-03-26T08:00:00+00:00,1.1654399999999998,1.1661799999999998,1.16481,1.1660499999999998,9556
2026-03-26T09:00:00+00:00,1.1660499999999998,1.1665699999999999,1.1653399999999998,1.16604,9425
2026-03-26T10:00:00+00:00,1.16604,1.16658,1.1655499999999999,1.1657899999999999,8356
2026-03-26T11:00:00+00:00,1.1657899999999999,1.16594,1.16241,1.1624999999999999,7666
2026-03-26T12:00:00+00:00,1.1624999999999999,1.1636199999999999,1.1623199999999998,1.1635799999999998,10993
2026-03-26T13:00:00+00:00,1.1635799999999998,1.16532,1.1635699999999998,1.1643,15447
2026-03-26T14:00:00+00:00,1.1643,1.16556,1.16376,1.1648299999999998,19692
2026-03-26T15:00:00+00:00,1.1648299999999998,1.1652099999999999,1.1631999999999998,1.1642,17165
2026-03-26T16:00:00+00:00,1.1642,1.16438,1.16316,1.1636399999999998,11158
2026-03-26T17:00:00+00:00,1.1636399999999998,1.1638399999999998,1.1626299999999998,1.1626599999999998,9100
2026-03-26T18:00:00+00:00,1.1626599999999998,1.16346,1.1625899999999998,1.1634499999999999,6017
2026-03-26T19:00:00+00:00,1.1634499999999999,1.1635199999999999,1.16224,1.16227,6701
2026-03-26T20:00:00+00:00,1.16227,1.16593,1.1620199999999998,1.1626299999999998,16883
2026-03-26T21:00:00+00:00,1.1626299999999998,1.1636,1.1624599999999998,1.1633699999999998,2016.3414913284619
2026-03-26T22:00:00+00:00,1.1633699999999998,1.1641299999999997,1.1631899999999997,1.1639099999999998,2299
2026-03-26T23:00:00+00:00,1.1639099999999998,1.1640699999999997,1.1634899999999997,1.1635399999999998,2441
2026-03-27T00:00:00+00:00,1.1635399999999998,1.1638899999999999,1.1625299999999998,1.1631399999999998,8426
2026-03-27T01:00:00+00:00,1.1631399999999998,1.1641799999999998,1.1630599999999998,1.1641199999999998,6074
2026-03-27T02:00:00+00:00,1.1641199999999998,1.1643499999999998,1.1636999999999997,1.1639399999999998,3861
2026-03-27T03:00:00+00:00,1.1639399999999998,1.1641199999999998,1.1634799999999998,1.1639899999999999,3779
2026-03-27T04:00:00+00:00,1.1639899999999999,1.1644699999999997,1.1637899999999999,1.1643699999999997,2859
2026-03-27T05:00:00+00:00,1.1643699999999997,1.1646999999999998,1.1638099999999998,1.1641999999999997,4823
2026-03-27T06:00:00+00:00,1.1641999999999997,1.1644599999999998,1.1634899999999997,1.1635299999999997,4606
2026-03-27T07:00:00+00:00,1.1635299999999997,1.1635799999999998,1.1617899999999999,1.1619799999999998,7244
2026-03-27T08:00:00+00:00,1.1619799999999998,1.1626199999999998,1.1616899999999997,1.1621499999999998,9691
2026-03-27T09:00:00+00:00,1.1621499999999998,1.1627099999999997,1.1615299999999997,1.1620099999999998,8823
2026-03-27T10:00:00+00:00,1.1620099999999998,1.1626899999999998,1.1611099999999999,1.1611999999999998,7924
2026-03-27T11:00:00+00:00,1.1611999999999998,1.1614899999999997,1.1605599999999998,1.1608599999999998,7475
2026-03-27T12:00:00+00:00,1.1608599999999998,1.1618999999999997,1.1602699999999997,1.1615999999999997,10088
2026-03-27T13:00:00+00:00,1.1615999999999997,1.1633799999999999,1.1615199999999999,1.1624999999999999,14390
2026-03-27T14:00:00+00:00,1.1624999999999999,1.1636599999999997,1.1624099999999997,1.1629699999999998,14383
2026-03-27T15:00:00+00:00,1.1629699999999998,1.1648699999999999,1.1618999999999997,1.1620299999999997,18136
2026-03-27T16:00:00+00:00,1.1620299999999997,1.1628199999999997,1.1615699999999998,1.1620099999999998,13872
2026-03-27T17:00:00+00:00,1.1620099999999998,1.1629799999999997,1.1607199999999998,1.1613499999999999,10925
2026-03-27T18:00:00+00:00,1.1613499999999999,1.1620499999999998,1.1607899999999998,1.1614499999999999,7912
2026-03-27T19:00:00+00:00,1.1614499999999999,1.1618799999999998,1.1610999999999998,1.1618099999999998,5905
2026-03-27T20:00:00+00:00,1.1618099999999998,1.1621499999999998,1.1607799999999997,1.1609199999999997,6236.484699982905
2026-03-29T21:00:00+00:00,1.1609199999999997,1.1611099999999999,1.1605999999999999,1.16072,352.4644930978403
2026-03-29T22:00:00+00:00,1.16072,1.16098,1.15956,1.15963,6111
2026-03-29T23:00:00+00:00,1.15963,1.16024,1.15951,1.15996,6396
2026-03-30T00:00:00+00:00,1.15996,1.16203,1.15973,1.16145,13168
2026-03-30T01:00:00+00:00,1.16145,1.16187,1.16105,1.16127,7046
2026-03-30T02:00:00+00:00,1.16127,1.1623,1.1609,1.16191,5856
2026-03-30T03:00:00+00:00,1.16191,1.16265,1.1618,1.16234,4431
2026-03-30T04:00:00+00:00,1.16234,1.1629,1.16213,1.16213,3370
2026-03-30T05:00:00+00:00,1.16213,1.16259,1.16174,1.16235,5162
2026-03-30T06:00:00+00:00,1.16235,1.16277,1.16192,1.16204,7093
2026-03-30T07:00:00+00:00,1.16204,1.16205,1.16015,1.16054,8779
2026-03-30T08:00:00+00:00,1.16054,1.16065,1.15983,1.16037,7732
2026-03-30T09:00:00+00:00,1.16037,1.16059,1.15915,1.16021,7818
2026-03-30T10:00:00+00:00,1.16021,1.16051,1.15958,1.1597,6442
2026-03-30T11:00:00+00:00,1.1597,1.16081,1.15916,1.15925,13385
2026-03-30T12:00:00+00:00,1.15925,1.15966,1.15808,1.15905,11601
2026-03-30T13:00:00+00:00,1.15905,1.15956,1.15699,1.15718,14298
2026-03-30T14:00:00+00:00,1.15718,1.15781,1.15625,1.15726,17016
2026-03-30T15:00:00+00:00,1.15726,1.15736,1.15508,1.15614,12795
2026-03-30T16:00:00+00:00,1.15614,1.15689,1.15552,1.15677,7441
2026-03-30T17:00:00+00:00,1.15677,1.1573,1.15634,1.15654,7629
2026-03-30T18:00:00+00:00,1.15654,1.15739,1.15647,1.15689,6048.505360479984
2026-03-30T19:00:00+00:00,1.15689,1.1570200000000002,1.15616,1.15676,5581
2026-03-30T20:00:00+00:00,1.15676,1.15728,1.1565,1.15718,3263
2026-03-30T21:00:00+00:00,1.15718,1.15761,1.15638,1.1568500000000002,1675.2776780298905
2026-03-30T22:00:00+00:00,1.1568500000000002,1.15727,1.1566400000000001,1.15666,1379.9789341517858
2026-03-30T23:00:00+00:00,1.15666,1.15666,1.15595,1.1563800000000002,2984
2026-03-31T00:00:00+00:00,1.1563800000000002,1.1583400000000001,1.1554300000000002,1.15819,14751
2026-03-31T01:00:00+00:00,1.15819,1.15979,1.15806,1.15832,10610
2026-03-31T02:00:00+00:00,1.15832,1.1586900000000002,1.1580400000000002,1.1583100000000002,5857
2026-03-31T03:00:00+00:00,1.1583100000000002,1.15836,1.1573600000000002,1.15769,4246
2026-03-31T04:00:00+00:00,1.15769,1.1580000000000001,1.15761,1.15762,2843
2026-03-31T05:00:00+00:00,1.15762,1.1578600000000001,1.1569500000000001,1.15717,5145
2026-03-31T06:00:00+00:00,1.15717,1.15816,1.1568100000000001,1.1579300000000001,7055
2026-03-31T07:00:00+00:00,1.1579300000000001,1.15815,1.1570200000000002,1.15796,9616
2026-03-31T08:00:00+00:00,1.15796,1.1583,1.1571300000000002,1.15744,9131
2026-03-31T09:00:00+00:00,1.15744,1.15805,1.15694,1.15754,8191
2026-03-31T10:00:00+00:00,1.15754,1.15771,1.15653,1.1566200000000002,6358
2026-03-31T11:00:00+00:00,1.1566200000000002,1.1598400000000002,1.1564800000000002,1.1598300000000001,15804
2026-03-31T12:00:00+00:00,1.1598300000000001,1.16172,1.15941,1.1610200000000002,18007
2026-03-31T13:00:00+00:00,1.1610200000000002,1.16398,1.1607900000000002,1.1639400000000002,14631
2026-03-31T14:00:00+00:00,1.1639400000000002,1.1648,1.1618300000000001,1.16273,27418
2026-03-31T15:00:00+00:00,1.16273,1.16402,1.16189,1.16246,23134
2026-03-31T16:00:00+00:00,1.16246,1.1667100000000001,1.1621100000000002,1.16476,32408
2026-03-31T17:00:00+00:00,1.16476,1.1663800000000002,1.1646100000000001,1.1647200000000002,25743
2026-03-31T18:00:00+00:00,1.1647200000000002,1.16581,1.16457,1.1651900000000002,12653
2026-03-31T19:00:00+00:00,1.1651900000000002,1.1667,1.16459,1.1666400000000001,9517
2026-03-31T20:00:00+00:00,1.1666400000000001,1.16707,1.16588,1.1660000000000001,5737
2026-03-31T21:00:00+00:00,1.1660000000000001,1.16616,1.1657000000000002,1.16592,1864.4585385563391
2026-03-31T22:00:00+00:00,1.16592,1.16668,1.16591,1.16652,2202
2026-03-31T23:00:00+00:00,1.16652,1.16812,1.16637,1.16805,3236
2026-04-01T00:00:00+00:00,1.16805,1.16855,1.1676,1.1681300000000001,7449
2026-04-01T01:00:00+00:00,1.1681300000000001,1.16824,1.16616,1.16685,10089
2026-04-01T02:00:00+00:00,1.16685,1.16778,1.16673,1.16755,5006
2026-04-01T03:00:00+00:00,1.16755,1.16755,1.16658,1.16675,3905
2026-04-01T04:00:00+00:00,1.16675,1.16732,1.16662,1.16721,2808
2026-04-01T05:00:00+00:00,1.16721,1.16831,1.16715,1.16745,5691
2026-04-01T06:00:00+00:00,1.16745,1.16996,1.16687,1.1698,18413
2026-04-01T07:00:00+00:00,1.1698,1.17054,1.16837,1.16889,19839
2026-04-01T08:00:00+00:00,1.16889,1.17174,1.16843,1.17031,16708
2026-04-01T09:00:00+00:00,1.17031,1.17094,1.16875,1.17021,13792
2026-04-01T10:00:00+00:00,1.17021,1.17104,1.17001,1.17065,11315
2026-04-01T11:00:00+00:00,1.17065,1.17168,1.1704700000000001,1.17143,8877
2026-04-01T12:00:00+00:00,1.17143,1.17302,1.17005,1.17113,21671
2026-04-01T13:00:00+00:00,1.17113,1.17305,1.17053,1.17184,22767
2026-04-01T14:00:00+00:00,1.17184,1.17337,1.17113,1.17293,24916
2026-04-01T15:00:00+00:00,1.17293,1.17339,1.1712,1.17205,13302
2026-04-01T16:00:00+00:00,1.17205,1.17259,1.17113,1.17258,9761
2026-04-01T17:00:00+00:00,1.17258,1.17304,1.17006,1.17007,9350
2026-04-01T18:00:00+00:00,1.17007,1.17011,1.16835,1.16856,11561
2026-04-01T19:00:00+00:00,1.16856,1.1694,1.16831,1.16904,7013
2026-04-01T20:00:00+00:00,1.16904,1.16987,1.16903,1.16943,3304
2026-04-01T21:00:00+00:00,1.16943,1.16977,1.16909,1.16969,3795.9061925479814
2026-04-01T22:00:00+00:00,1.16969,1.17014,1.1696499999999999,1.1697799999999998,1663
2026-04-01T23:00:00+00:00,1.1697799999999998,1.1701499999999998,1.16959,1.16966,2351
2026-04-02T00:00:00+00:00,1.16966,1.17047,1.1693699999999998,1.17024,8206
2026-04-02T01:00:00+00:00,1.17024,1.17122,1.1652399999999998,1.1659399999999998,36893
2026-04-02T02:00:00+00:00,1.1659399999999998,1.1667199999999998,1.1650999999999998,1.16536,12397
2026-04-02T03:00:00+00:00,1.16536,1.1655799999999998,1.1644599999999998,1.1646899999999998,6654
2026-04-02T04:00:00+00:00,1.1646899999999998,1.16488,1.1639,1.16437,5746
2026-04-02T05:00:00+00:00,1.16437,1.16458,1.1631699999999998,1.16322,7469
2026-04-02T06:00:00+00:00,1.16322,1.16424,1.1622199999999998,1.1641099999999998,11309
2026-04-02T07:00:00+00:00,1.1641099999999998,1.16447,1.1625499999999998,1.16393,12851
2026-04-02T08:00:00+00:00,1.16393,1.1642599999999999,1.1631099999999999,1.1632099999999999,8841
2026-04-02T09:00:00+00:00,1.1632099999999999,1.1638799999999998,1.16285,1.1632999999999998,7668
2026-04-02T10:00:00+00:00,1.1632999999999998,1.1633699999999998,1.1618,1.1619,8078
2026-04-02T11:00:00+00:00,1.1619,1.1626299999999998,1.1616,1.16244,7944
2026-04-02T12:00:00+00:00,1.16244,1.1638099999999998,1.16237,1.1631399999999998,12445
2026-04-02T13:00:00+00:00,1.1631399999999998,1.1639399999999998,1.1627199999999998,1.1638,17856
2026-04-02T14:00:00+00:00,1.1638,1.16708,1.1633499999999999,1.1658099999999998,37509
2026-04-02T15:00:00+00:00,1.1658099999999998,1.1665499999999998,1.1648399999999999,1.16519,20955
2026-04-02T16:00:00+00:00,1.16519,1.1654799999999998,1.1645899999999998,1.1645999999999999,13852
2026-04-02T17:00:00+00:00,1.1645999999999999,1.1656099999999998,1.1643199999999998,1.1644499999999998,8310
2026-04-02T18:00:00+00:00,1.1644499999999998,1.1646899999999998,1.1639899999999999,1.16431,6899.179008877401
2026-04-02T19:00:00+00:00,1.16431,1.16506,1.16403,1.1641599999999999,6722
2026-04-02T20:00:00+00:00,1.1641599999999999,1.16468,1.1639,1.1645299999999998,3191
2026-04-02T21:00:00+00:00,1.1645299999999998,1.16526,1.16404,1.16514,1018.3704805906749
2026-04-02T22:00:00+00:00,1.16514,1.16527,1.16488,1.1651,901.0951543786397
2026-04-02T23:00:00+00:00,1.1651,1.16541,1.16505,1.16525,951.6238434425535
2026-04-03T00:00:00+00:00,1.16525,1.1656199999999999,1.1649,1.16492,2895
2026-04-03T01:00:00+00:00,1.16492,1.16508,1.16447,1.16461,2725
2026-04-03T02:00:00+00:00,1.16461,1.1649399999999999,1.16431,1.16472,2385
2026-04-03T03:00:00+00:00,1.16472,1.16486,1.1645299999999998,1.16473,1158
2026-04-03T04:00:00+00:00,1.16473,1.1647399999999999,1.16449,1.16449,1884
2026-04-03T05:00:00+00:00,1.16449,1.16493,1.16404,1.16491,2106
2026-04-03T06:00:00+00:00,1.16491,1.16517,1.16461,1.16507,1746
2026-04-03T07:00:00+00:00,1.16507,1.16573,1.16506,1.16539,1948
2026-04-03T08:00:00+00:00,1.16539,1.16564,1.16512,1.1654099999999998,1836
2026-04-03T09:00:00+00:00,1.1654099999999998,1.16568,1.16517,1.16542,1968
2026-04-03T10:00:00+00:00,1.16542,1.1660199999999998,1.1653,1.16559,1703
2026-04-03T11:00:00+00:00,1.16559,1.1657899999999999,1.16519,1.16554,2916
2026-04-03T12:00:00+00:00,1.16554,1.16571,1.16271,1.16422,8929
2026-04-03T13:00:00+00:00,1.16422,1.1649699999999998,1.1638899999999999,1.16458,4045
2026-04-03T14:00:00+00:00,1.16458,1.16476,1.16319,1.16323,3578
2026-04-03T15:00:00+00:00,1.16323,1.1639,1.16307,1.16333,3758
2026-04-03T16:00:00+00:00,1.16333,1.16333,1.16296,1.16299,3576
2026-04-03T17:00:00+00:00,1.16299,1.1632799999999999,1.16293,1.16312,3123
2026-04-03T18:00:00+00:00,1.16312,1.16324,1.1624999999999999,1.16256,1934
2026-04-03T19:00:00+00:00,1.16256,1.16269,1.16249,1.16254,749.9659968421694
2026-04-03T20:00:00+00:00,1.16254,1.16385,1.16205,1.16262,981.4012883895405
2026-04-05T21:00:00+00:00,1.1520100000000002,1.1523200000000002,1.1517300000000001,1.15196,219.84573767340308
2026-04-05T22:00:00+00:00,1.15196,1.1520000000000001,1.15053,1.1515,7679
2026-04-05T23:00:00+00:00,1.1515,1.15169,1.1508500000000002,1.1509900000000002,4890.285890073831
2026-04-06T00:00:00+00:00,1.1509900000000002,1.15185,1.1509500000000001,1.1511900000000002,8031
2026-04-06T01:00:00+00:00,1.1511900000000002,1.15145,1.15064,1.1507,5456
2026-04-06T02:00:00+00:00,1.1507,1.1528800000000001,1.1507,1.1520700000000001,8759
2026-04-06T03:00:00+00:00,1.1520700000000001,1.1523400000000001,1.15172,1.15192,5141
2026-04-06T04:00:00+00:00,1.15192,1.1525100000000001,1.15186,1.1524400000000001,3596
2026-04-06T05:00:00+00:00,1.1524400000000001,1.1529800000000001,1.1523100000000002,1.1525500000000002,4042
2026-04-06T06:00:00+00:00,1.1525500000000002,1.1537700000000002,1.15222,1.1533200000000001,7461
2026-04-06T07:00:00+00:00,1.1533200000000001,1.1568900000000002,1.1525500000000002,1.15646,9733
2026-04-06T08:00:00+00:00,1.15646,1.1568900000000002,1.1554000000000002,1.1555300000000002,8824
2026-04-06T09:00:00+00:00,1.1555300000000002,1.1560700000000002,1.15477,1.1550600000000002,7016
2026-04-06T10:00:00+00:00,1.1550600000000002,1.1554300000000002,1.1537400000000002,1.1548100000000001,7745
2026-04-06T11:00:00+00:00,1.1548100000000001,1.15501,1.1540400000000002,1.1545900000000002,5437
2026-04-06T12:00:00+00:00,1.1545900000000002,1.1554700000000002,1.1542800000000002,1.15535,6863
2026-04-06T13:00:00+00:00,1.15535,1.15615,1.15494,1.15596,9095
2026-04-06T14:00:00+00:00,1.15596,1.15718,1.1542800000000002,1.15432,22913
2026-04-06T15:00:00+00:00,1.15432,1.15446,1.1535700000000002,1.1544400000000001,11271
2026-04-06T16:00:00+00:00,1.1544400000000001,1.15483,1.1542400000000002,1.15453,7073
2026-04-06T17:00:00+00:00,1.15453,1.1549,1.1534200000000001,1.1541700000000001,10376
2026-04-06T18:00:00+00:00,1.1541700000000001,1.15528,1.1539800000000002,1.1545800000000002,9712
2026-04-06T19:00:00+00:00,1.1545800000000002,1.1547,1.1540800000000002,1.15429,4918
2026-04-06T20:00:00+00:00,1.15429,1.15447,1.15396,1.1540400000000002,2889
2026-04-06T21:00:00+00:00,1.1540400000000002,1.15439,1.15371,1.1542100000000002,2218
2026-04-06T22:00:00+00:00,1.1542100000000002,1.1548,1.1542100000000002,1.15426,4030
2026-04-06T23:00:00+00:00,1.15426,1.15436,1.1539000000000001,1.15409,1564
2026-04-07T00:00:00+00:00,1.15409,1.1544100000000002,1.1536600000000001,1.1537600000000001,6606
2026-04-07T01:00:00+00:00,1.1537600000000001,1.15405,1.15274,1.1530300000000002,6492
2026-04-07T02:00:00+00:00,1.1530300000000002,1.15321,1.1524200000000002,1.1529900000000002,3874
2026-04-07T03:00:00+00:00,1.1529900000000002,1.1534900000000001,1.1529,1.1534600000000002,2641
2026-04-07T04:00:00+00:00,1.1534600000000002,1.1539000000000001,1.15331,1.1538400000000002,2935
2026-04-07T05:00:00+00:00,1.1538400000000002,1.15399,1.15304,1.15355,4534
2026-04-07T06:00:00+00:00,1.15355,1.15457,1.15328,1.1544800000000002,7552
2026-04-07T07:00:00+00:00,1.1544800000000002,1.1546200000000002,1.15369,1.15429,7142
2026-04-07T08:00:00+00:00,1.15429,1.15758,1.1542000000000001,1.15737,19327
2026-04-07T09:00:00+00:00,1.15737,1.1575600000000001,1.1562400000000002,1.1563,10212
2026-04-07T10:00:00+00:00,1.1563,1.1564,1.1545900000000002,1.15544,19752
2026-04-07T11:00:00+00:00,1.15544,1.15623,1.1548100000000001,1.1560100000000002,9837
2026-04-07T12:00:00+00:00,1.1560100000000002,1.1569900000000002,1.1553900000000001,1.15606,15055
2026-04-07T13:00:00+00:00,1.15606,1.1565200000000002,1.15561,1.1563800000000002,14453
2026-04-07T14:00:00+00:00,1.1563800000000002,1.1583800000000002,1.15585,1.15721,19296
2026-04-07T15:00:00+00:00,1.15721,1.1578700000000002,1.1566,1.15711,17739
2026-04-07T16:00:00+00:00,1.15711,1.15798,1.1569800000000001,1.15717,15416
2026-04-07T17:00:00+00:00,1.15717,1.1579700000000002,1.1566400000000001,1.15778,10433
2026-04-07T18:00:00+00:00,1.15778,1.15832,1.1571500000000001,1.15748,8495
2026-04-07T19:00:00+00:00,1.15748,1.1601800000000002,1.15731,1.1595300000000002,22097
2026-04-07T20:00:00+00:00,1.1595300000000002,1.1605200000000002,1.15927,1.15935,10076
2026-04-07T21:00:00+00:00,1.15935,1.16006,1.1590900000000002,1.1595300000000002,1238.743396480366
2026-04-07T22:00:00+00:00,1.1595300000000002,1.1669300000000002,1.1588100000000001,1.16677,29211
2026-04-07T23:00:00+00:00,1.16677,1.1690200000000002,1.1661000000000001,1.1686,30153
2026-04-08T00:00:00+00:00,1.1686,1.1696600000000001,1.16657,1.1671600000000002,23282
2026-04-08T01:00:00+00:00,1.1671600000000002,1.1688100000000001,1.1670900000000002,1.1675200000000001,16908
2026-04-08T02:00:00+00:00,1.1675200000000001,1.1682000000000001,1.1668600000000002,1.16735,10034
2026-04-08T03:00:00+00:00,1.16735,1.16758,1.1666,1.16704,8201
2026-04-08T04:00:00+00:00,1.16704,1.1680800000000002,1.16704,1.16761,8023
2026-04-08T05:00:00+00:00,1.16761,1.17083,1.1671900000000002,1.1691200000000002,12684
2026-04-08T06:00:00+00:00,1.1691200000000002,1.1708800000000001,1.16843,1.16961,15764
2026-04-08T07:00:00+00:00,1.16961,1.1700100000000002,1.1678700000000002,1.1695200000000001,15610
2026-04-08T08:00:00+00:00,1.1695200000000001,1.1699000000000002,1.1668600000000002,1.1681000000000001,16501
2026-04-08T09:00:00+00:00,1.1681000000000001,1.1689200000000002,1.16779,1.1679300000000001,13060
2026-04-08T10:00:00+00:00,1.1679300000000001,1.16924,1.1677300000000002,1.169,10742
2026-04-08T11:00:00+00:00,1.169,1.171,1.16853,1.1700100000000002,14575
2026-04-08T12:00:00+00:00,1.1700100000000002,1.1718000000000002,1.1687900000000002,1.1713900000000002,21709
2026-04-08T13:00:00+00:00,1.1713900000000002,1.17216,1.16867,1.16941,22688
2026-04-08T14:00:00+00:00,1.16941,1.1703400000000002,1.1689300000000002,1.16941,26541
2026-04-08T15:00:00+00:00,1.16941,1.1696400000000002,1.1684100000000002,1.1686100000000001,16868
2026-04-08T16:00:00+00:00,1.1686100000000001,1.1688500000000002,1.1677000000000002,1.1681700000000002,12484
2026-04-08T17:00:00+00:00,1.1681700000000002,1.1685100000000002,1.1668600000000002,1.1674700000000002,11238
2026-04-08T18:00:00+00:00,1.1674700000000002,1.1680000000000001,1.1649500000000002,1.16501,16396
2026-04-08T19:00:00+00:00,1.16501,1.16704,1.1643200000000002,1.16677,13357
2026-04-08T20:00:00+00:00,1.16677,1.1669300000000002,1.1660300000000001,1.1662400000000002,4715
2026-04-08T21:00:00+00:00,1.1662400000000002,1.16653,1.1658700000000002,1.16638,1177.2610942638705
2026-04-08T22:00:00+00:00,1.16638,1.16675,1.16598,1.16622,2370
2026-04-08T23:00:00+00:00,1.16622,1.16631,1.16574,1.16591,2226
2026-04-09T00:00:00+00:00,1.16591,1.1661,1.16528,1.16571,7773
2026-04-09T01:00:00+00:00,1.16571,1.16635,1.16504,1.16617,6632
2026-04-09T02:00:00+00:00,1.16617,1.1667399999999999,1.16591,1.16652,4479
2026-04-09T03:00:00+00:00,1.16652,1.16668,1.16605,1.16623,4474.605908319185
2026-04-09T04:00:00+00:00,1.16623,1.1671,1.16618,1.16664,3064
2026-04-09T05:00:00+00:00,1.16664,1.16678,1.16592,1.16609,4934
2026-04-09T06:00:00+00:00,1.16609,1.16643,1.16543,1.16643,7284
2026-04-09T07:00:00+00:00,1.16643,1.16692,1.16553,1.16629,9127
2026-04-09T08:00:00+00:00,1.16629,1.16748,1.1659599999999999,1.1672,7054
2026-04-09T09:00:00+00:00,1.1672,1.16791,1.16684,1.16745,6973
2026-04-09T10:00:00+00:00,1.16745,1.1679599999999999,1.16711,1.16711,6901
2026-04-09T11:00:00+00:00,1.16711,1.16894,1.16696,1.16883,7289
2026-04-09T12:00:00+00:00,1.16883,1.169,1.16789,1.1686,9808
2026-04-09T13:00:00+00:00,1.1686,1.16952,1.16811,1.16818,12084
2026-04-09T14:00:00+00:00,1.16818,1.16881,1.16743,1.16846,13910
2026-04-09T15:00:00+00:00,1.16846,1.17071,1.16776,1.17054,21185
2026-04-09T16:00:00+00:00,1.17054,1.1714,1.1702299999999999,1.17105,11118
2026-04-09T17:00:00+00:00,1.17105,1.17233,1.171,1.17141,8753
2026-04-09T18:00:00+00:00,1.17141,1.17148,1.16974,1.16991,12003
2026-04-09T19:00:00+00:00,1.16991,1.17085,1.1697899999999999,1.17007,7002
2026-04-09T20:00:00+00:00,1.17007,1.17008,1.16953,1.16975,3143
2026-04-09T21:00:00+00:00,1.16975,1.1701100000000002,1.16943,1.1701000000000001,1309.4755743691944
2026-04-09T22:00:00+00:00,1.1701000000000001,1.17028,1.16931,1.1694600000000002,2452
2026-04-09T23:00:00+00:00,1.1694600000000002,1.1696600000000001,1.16906,1.1692,2087
2026-04-10T00:00:00+00:00,1.1692,1.16921,1.16859,1.16883,5143
2026-04-10T01:00:00+00:00,1.16883,1.16951,1.16866,1.16928,4239
2026-04-10T02:00:00+00:00,1.16928,1.16947,1.1687100000000001,1.16914,3546
2026-04-10T03:00:00+00:00,1.16914,1.16972,1.16901,1.16961,2541
2026-04-10T04:00:00+00:00,1.16961,1.1697000000000002,1.16917,1.16924,2594
2026-04-10T05:00:00+00:00,1.16924,1.1693300000000002,1.16879,1.16903,3174
2026-04-10T06:00:00+00:00,1.16903,1.16941,1.16836,1.16846,5942
2026-04-10T07:00:00+00:00,1.16846,1.16901,1.16795,1.16802,6545
2026-04-10T08:00:00+00:00,1.16802,1.16903,1.16779,1.1686400000000001,5836
2026-04-10T09:00:00+00:00,1.1686400000000001,1.1711500000000001,1.1685,1.1710800000000001,14667
2026-04-10T10:00:00+00:00,1.1710800000000001,1.17162,1.17063,1.17134,6446
2026-04-10T11:00:00+00:00,1.17134,1.1719300000000001,1.1711200000000002,1.17145,5531
2026-04-10T12:00:00+00:00,1.17145,1.1726,1.1709800000000001,1.1721300000000001,12811
2026-04-10T13:00:00+00:00,1.1721300000000001,1.1735200000000001,1.1719000000000002,1.1728100000000001,13606
2026-04-10T14:00:00+00:00,1.1728100000000001,1.1738700000000002,1.17205,1.17283,16780
2026-04-10T15:00:00+00:00,1.17283,1.1740000000000002,1.1722100000000002,1.17228,12470
2026-04-10T16:00:00+00:00,1.17228,1.1725800000000002,1.17141,1.17209,8471
2026-04-10T17:00:00+00:00,1.17209,1.17266,1.1719400000000002,1.1723800000000002,5872
2026-04-10T18:00:00+00:00,1.1723800000000002,1.1735900000000001,1.1719400000000002,1.17321,7579
2026-04-10T19:00:00+00:00,1.17321,1.1733,1.17276,1.17277,5098
2026-04-10T20:00:00+00:00,1.17277,1.17313,1.17209,1.1722800000000002,4785.567609014535
2026-04-12T21:00:00+00:00,1.1722800000000002,1.1732100000000003,1.1718000000000002,1.1721900000000003,1346.1933753848512
2026-04-12T22:00:00+00:00,1.1721900000000003,1.1730700000000003,1.1719000000000002,1.1725700000000001,9408
2026-04-12T23:00:00+00:00,1.1725700000000001,1.1728900000000002,1.1717300000000002,1.1728300000000003,5134
2026-04-13T00:00:00+00:00,1.1728300000000003,1.1741000000000001,1.17243,1.1741000000000001,7243
2026-04-13T01:00:00+00:00,1.1741000000000001,1.1743100000000002,1.17338,1.1739700000000002,6249
2026-04-13T02:00:00+00:00,1.1739700000000002,1.1743500000000002,1.1738600000000001,1.1741800000000002,3650
2026-04-13T03:00:00+00:00,1.1741800000000002,1.1742700000000001,1.1739300000000001,1.1741500000000002,3034
2026-04-13T04:00:00+00:00,1.1741500000000002,1.1743700000000001,1.1739300000000001,1.1739700000000002,2913
2026-04-13T05:00:00+00:00,1.1739700000000002,1.17426,1.1736600000000001,1.1741400000000002,4501
2026-04-13T06:00:00+00:00,1.1741400000000002,1.1748300000000003,1.1731500000000001,1.17389,8845
2026-04-13T07:00:00+00:00,1.17389,1.1753600000000002,1.17389,1.1750600000000002,7684
2026-04-13T08:00:00+00:00,1.1750600000000002,1.1750600000000002,1.1736900000000001,1.1739500000000003,7352
2026-04-13T09:00:00+00:00,1.1739500000000003,1.1746200000000002,1.1737100000000003,1.1739700000000002,6093
2026-04-13T10:00:00+00:00,1.1739700000000002,1.1748500000000002,1.1735900000000001,1.1746900000000002,5276
2026-04-13T11:00:00+00:00,1.1746900000000002,1.17531,1.1734400000000003,1.1735200000000001,8542
2026-04-13T12:00:00+00:00,1.1735200000000001,1.1752600000000002,1.1734000000000002,1.1751800000000001,8905
2026-04-13T13:00:00+00:00,1.1751800000000001,1.1765800000000002,1.1749800000000001,1.1758800000000003,15286
2026-04-13T14:00:00+00:00,1.1758800000000003,1.1774200000000001,1.1753900000000002,1.1763800000000002,15541
2026-04-13T15:00:00+00:00,1.1763800000000002,1.1765700000000001,1.1756000000000002,1.1763100000000002,11707
2026-04-13T16:00:00+00:00,1.1763100000000002,1.1784900000000003,1.1760400000000002,1.1778500000000003,17141
2026-04-13T17:00:00+00:00,1.1778500000000003,1.1791300000000002,1.1778300000000002,1.1787,7783
2026-04-13T18:00:00+00:00,1.1787,1.1819600000000001,1.1787,1.1817800000000003,10115
2026-04-13T19:00:00+00:00,1.1817800000000003,1.18185,1.1807300000000003,1.1813600000000002,6717
2026-04-13T20:00:00+00:00,1.1813600000000002,1.1816600000000002,1.1810000000000003,1.1811800000000001,3408
2026-04-13T21:00:00+00:00,1.1811800000000001,1.1812200000000004,1.1806200000000002,1.1808200000000002,1590.0012719239523
2026-04-13T22:00:00+00:00,1.1808200000000002,1.1818100000000002,1.1807200000000002,1.1815100000000003,2104
2026-04-13T23:00:00+00:00,1.1815100000000003,1.1820400000000002,1.1814500000000003,1.1820400000000002,2606
2026-04-14T00:00:00+00:00,1.1820400000000002,1.1821600000000003,1.1814700000000002,1.1820000000000004,4836
2026-04-14T01:00:00+00:00,1.1820000000000004,1.1821300000000003,1.1813200000000004,1.1813800000000003,4005
2026-04-14T02:00:00+00:00,1.1813800000000003,1.1815800000000003,1.1809800000000004,1.1814200000000004,3040
2026-04-14T03:00:00+00:00,1.1814200000000004,1.1822000000000004,1.1812600000000002,1.1820500000000003,2389
2026-04-14T04:00:00+00:00,1.1820500000000003,1.1823500000000002,1.1818200000000003,1.1820400000000002,1591
2026-04-14T05:00:00+00:00,1.1820400000000002,1.1823200000000003,1.1813100000000003,1.1817900000000003,3837
2026-04-14T06:00:00+00:00,1.1817900000000003,1.1832000000000003,1.1811800000000003,1.1831700000000003,8060
2026-04-14T07:00:00+00:00,1.1831700000000003,1.1850300000000002,1.1831000000000003,1.1833600000000004,13710
2026-04-14T08:00:00+00:00,1.1833600000000004,1.1838200000000003,1.1828700000000003,1.1836300000000004,8381
2026-04-14T09:00:00+00:00,1.1836300000000004,1.1846200000000002,1.1835500000000003,1.1842400000000004,6318
2026-04-14T10:00:00+00:00,1.1842400000000004,1.1852500000000004,1.1841800000000002,1.1850100000000003,6906
2026-04-14T11:00:00+00:00,1.1850100000000003,1.1859700000000004,1.1849000000000003,1.1853100000000003,8531
2026-04-14T12:00:00+00:00,1.1853100000000003,1.1859200000000003,1.1846300000000003,1.1858300000000004,13151
2026-04-14T13:00:00+00:00,1.1858300000000004,1.1861300000000004,1.1847100000000004,1.1853000000000002,13592
2026-04-14T14:00:00+00:00,1.1853000000000002,1.1864700000000004,1.1846800000000004,1.1862400000000004,14252
2026-04-14T15:00:00+00:00,1.1862400000000004,1.1862400000000004,1.1841100000000002,1.1844000000000003,13127
2026-04-14T16:00:00+00:00,1.1844000000000003,1.1850700000000003,1.1841900000000003,1.1847700000000003,6274
2026-04-14T17:00:00+00:00,1.1847700000000003,1.1853200000000004,1.1845400000000004,1.1849300000000003,5055
2026-04-14T18:00:00+00:00,1.1849300000000003,1.1850600000000002,1.1844100000000004,1.1846600000000003,7146
2026-04-14T19:00:00+00:00,1.1846600000000003,1.1849100000000004,1.1844200000000003,1.1845500000000002,4279
2026-04-14T20:00:00+00:00,1.1845500000000002,1.1849900000000002,1.1845000000000003,1.1849000000000003,2294
2026-04-14T21:00:00+00:00,1.1849000000000003,1.1849000000000003,1.1841600000000003,1.1843700000000001,820.5140182273958
2026-04-14T22:00:00+00:00,1.1843700000000001,1.1853300000000002,1.1843500000000002,1.1849000000000003,2005
2026-04-14T23:00:00+00:00,1.1849000000000003,1.1855700000000002,1.1848200000000002,1.1852100000000003,3713
2026-04-15T00:00:00+00:00,1.1852100000000003,1.1852500000000001,1.1843200000000003,1.1847800000000002,5803
2026-04-15T01:00:00+00:00,1.1847800000000002,1.1850600000000002,1.1843500000000002,1.1844500000000002,5461
2026-04-15T02:00:00+00:00,1.1844500000000002,1.1844600000000003,1.1832700000000003,1.1837400000000002,3474
2026-04-15T03:00:00+00:00,1.1837400000000002,1.1843100000000002,1.1834000000000002,1.1841000000000002,2783
2026-04-15T04:00:00+00:00,1.1841000000000002,1.1843400000000002,1.1840200000000003,1.1842400000000002,2069
2026-04-15T05:00:00+00:00,1.1842400000000002,1.1852200000000002,1.1842200000000003,1.1845900000000003,5880
2026-04-15T06:00:00+00:00,1.1845900000000003,1.1853200000000002,1.1837600000000001,1.1838100000000003,7382
2026-04-15T07:00:00+00:00,1.1838100000000003,1.1844400000000002,1.1836600000000002,1.1839500000000003,8382
2026-04-15T08:00:00+00:00,1.1839500000000003,1.1849200000000002,1.1839200000000003,1.1843100000000002,7268
2026-04-15T09:00:00+00:00,1.1843100000000002,1.1845300000000003,1.1829200000000002,1.1835500000000003,11748
2026-04-15T10:00:00+00:00,1.1835500000000003,1.1840400000000002,1.1825800000000002,1.1830800000000001,12492
2026-04-15T11:00:00+00:00,1.1830800000000001,1.1838400000000002,1.1826800000000002,1.1836800000000003,9687
2026-04-15T12:00:00+00:00,1.1836800000000003,1.1846700000000001,1.18311,1.1841900000000003,9643
2026-04-15T13:00:00+00:00,1.1841900000000003,1.1851200000000002,1.1837800000000003,1.1841800000000002,11505
2026-04-15T14:00:00+00:00,1.1841800000000002,1.1854100000000003,1.1838200000000003,1.1850500000000002,12076
2026-04-15T15:00:00+00:00,1.1850500000000002,1.1861900000000003,1.1848500000000002,1.1851900000000002,11963
2026-04-15T16:00:00+00:00,1.1851900000000002,1.1856600000000002,1.1851300000000002,1.1854700000000002,8018
2026-04-15T17:00:00+00:00,1.1854700000000002,1.1855800000000003,1.1846500000000002,1.1848700000000003,4566
2026-04-15T18:00:00+00:00,1.1848700000000003,1.1855700000000002,1.1847500000000002,1.1854300000000002,7053
2026-04-15T19:00:00+00:00,1.1854300000000002,1.1858600000000001,1.1852500000000001,1.1853600000000002,4687
2026-04-15T20:00:00+00:00,1.1853600000000002,1.1854900000000002,1.1849300000000003,1.1852700000000003,3162
2026-04-15T21:00:00+00:00,1.1852700000000003,1.1856500000000008,1.1848800000000006,1.1849900000000007,2017.0601166470888
2026-04-15T22:00:00+00:00,1.1849900000000007,1.1856000000000007,1.1849800000000006,1.1855200000000006,1694
2026-04-15T23:00:00+00:00,1.1855200000000006,1.1860800000000005,1.1855200000000006,1.1859600000000006,1638.0447833847152
2026-04-16T00:00:00+00:00,1.1859600000000006,1.1861400000000004,1.1855700000000005,1.1860200000000005,4134
2026-04-16T01:00:00+00:00,1.1860200000000005,1.1862200000000005,1.1849800000000006,1.1855500000000005,4572
2026-04-16T02:00:00+00:00,1.1855500000000005,1.1870500000000006,1.1854900000000006,1.1870000000000005,4810
2026-04-16T03:00:00+00:00,1.1870000000000005,1.1876800000000005,1.1865100000000006,1.1865900000000005,4460
2026-04-16T04:00:00+00:00,1.1865900000000005,1.1866000000000005,1.1861200000000005,1.1862300000000006,2571
2026-04-16T05:00:00+00:00,1.1862300000000006,1.1863000000000006,1.1855900000000006,1.1857200000000006,3991
2026-04-16T06:00:00+00:00,1.1857200000000006,1.1859800000000005,1.1846500000000004,1.1856100000000005,6640
2026-04-16T07:00:00+00:00,1.1856100000000005,1.1857700000000004,1.1843800000000004,1.1844500000000004,9173
2026-04-16T08:00:00+00:00,1.1844500000000004,1.1846900000000005,1.1829400000000005,1.1839000000000006,9202
2026-04-16T09:00:00+00:00,1.1839000000000006,1.1840600000000006,1.1829800000000006,1.1832500000000006,6564
2026-04-16T10:00:00+00:00,1.1832500000000006,1.1833400000000005,1.1825500000000004,1.1832700000000005,4825
2026-04-16T11:00:00+00:00,1.1832700000000005,1.1841600000000005,1.1832700000000005,1.1836900000000006,6402
2026-04-16T12:00:00+00:00,1.1836900000000006,1.1837600000000006,1.1828900000000004,1.1834400000000005,8173
2026-04-16T13:00:00+00:00,1.1834400000000005,1.1836600000000006,1.1819800000000005,1.1825400000000006,12240
2026-04-16T14:00:00+00:00,1.1825400000000006,1.1835100000000005,1.1821900000000005,1.1824600000000005,15564
2026-04-16T15:00:00+00:00,1.1824600000000005,1.1835100000000005,1.1822900000000005,1.1835000000000004,12976
2026-04-16T16:00:00+00:00,1.1835000000000004,1.1840200000000005,1.1821700000000006,1.1827900000000005,11162
2026-04-16T17:00:00+00:00,1.1827900000000005,1.1828500000000006,1.1821100000000004,1.1826500000000004,6908
2026-04-16T18:00:00+00:00,1.1826500000000004,1.1834000000000005,1.1826100000000006,1.1832600000000004,7080
2026-04-16T19:00:00+00:00,1.1832600000000004,1.1838700000000004,1.1832600000000004,1.1834100000000005,5016
2026-04-16T20:00:00+00:00,1.1834100000000005,1.1836400000000005,1.1831500000000006,1.1834100000000005,2510
2026-04-16T21:00:00+00:00,1.1834100000000005,1.1834100000000005,1.1827600000000005,1.1830800000000006,661.6650148441083
2026-04-16T22:00:00+00:00,1.1830800000000006,1.1840000000000006,1.1830800000000006,1.1838200000000005,1584
2026-04-16T23:00:00+00:00,1.1838200000000005,1.1839400000000004,1.1833700000000005,1.1834200000000006,1972
2026-04-17T00:00:00+00:00,1.1834200000000006,1.1836100000000005,1.1830100000000006,1.1832000000000005,5542
2026-04-17T01:00:00+00:00,1.1832000000000005,1.1832800000000006,1.1827500000000004,1.1829000000000005,4402
2026-04-17T02:00:00+00:00,1.1829000000000005,1.1830700000000005,1.1825900000000005,1.1830100000000006,2751
2026-04-17T03:00:00+00:00,1.1830100000000006,1.1838200000000005,1.1828400000000006,1.1836300000000006,2568
2026-04-17T04:00:00+00:00,1.1836300000000006,1.1837300000000006,1.1834500000000006,1.1835700000000005,2381
2026-04-17T05:00:00+00:00,1.1835700000000005,1.1837400000000005,1.1832800000000006,1.1833600000000004,3821
2026-04-17T06:00:00+00:00,1.1833600000000004,1.1836000000000004,1.1825200000000005,1.1827900000000005,6356
2026-04-17T07:00:00+00:00,1.1827900000000005,1.1836200000000006,1.1827900000000005,1.1835100000000005,7779
2026-04-17T08:00:00+00:00,1.1835100000000005,1.1848500000000006,1.1833800000000005,1.1846800000000006,6682
2026-04-17T09:00:00+00:00,1.1846800000000006,1.1852200000000006,1.1843900000000005,1.1846300000000005,6472
2026-04-17T10:00:00+00:00,1.1846300000000005,1.1848900000000004,1.1844200000000005,1.1847400000000006,4829
2026-04-17T11:00:00+00:00,1.1847400000000006,1.1852300000000004,1.1845000000000006,1.1846600000000005,5683
2026-04-17T12:00:00+00:00,1.1846600000000005,1.1890300000000005,1.1846300000000005,1.1888100000000006,24628
2026-04-17T13:00:00+00:00,1.1888100000000006,1.1902100000000004,1.1876900000000006,1.1886600000000005,35990
2026-04-17T14:00:00+00:00,1.1886600000000005,1.1888800000000006,1.1866100000000006,1.1866600000000005,23736
2026-04-17T15:00:00+00:00,1.1866600000000005,1.1869500000000006,1.1852700000000005,1.1853600000000004,21326
2026-04-17T16:00:00+00:00,1.1853600000000004,1.1857700000000004,1.1844800000000004,1.1851800000000006,11704
2026-04-17T17:00:00+00:00,1.1851800000000006,1.1851800000000006,1.1837700000000004,1.1848300000000005,13498
2026-04-17T18:00:00+00:00,1.1848300000000005,1.1850700000000005,1.1827100000000006,1.1832800000000006,10439
2026-04-17T19:00:00+00:00,1.1832800000000006,1.1836700000000004,1.1819900000000005,1.1821900000000005,7589
2026-04-17T20:00:00+00:00,1.1821900000000005,1.1824800000000004,1.1812200000000006,1.1815600000000004,4477.918035452919
2026-04-19T21:00:00+00:00,1.1815600000000004,1.1821600000000003,1.1809600000000005,1.1810200000000004,1224.5644905102915
2026-04-19T22:00:00+00:00,1.1810200000000004,1.1820900000000003,1.1808600000000005,1.1820700000000004,6642
2026-04-19T23:00:00+00:00,1.1820700000000004,1.1826400000000004,1.1817300000000004,1.1819700000000004,5270
2026-04-20T00:00:00+00:00,1.1819700000000004,1.1837900000000003,1.1817800000000003,1.1835200000000003,9091
2026-04-20T01:00:00+00:00,1.1835200000000003,1.1840600000000003,1.1831500000000004,1.1837600000000004,6382
2026-04-20T02:00:00+00:00,1.1837600000000004,1.1842400000000004,1.1835500000000003,1.1837800000000003,3491
2026-04-20T03:00:00+00:00,1.1837800000000003,1.1843400000000004,1.1835500000000003,1.1841000000000004,3076
2026-04-20T04:00:00+00:00,1.1841000000000004,1.1843000000000004,1.1837100000000003,1.1839900000000003,2936
2026-04-20T05:00:00+00:00,1.1839900000000003,1.1841700000000004,1.1827900000000005,1.1834000000000005,5690
2026-04-20T06:00:00+00:00,1.1834000000000005,1.1846500000000004,1.1828400000000003,1.1845800000000004,11507
2026-04-20T07:00:00+00:00,1.1845800000000004,1.1852700000000003,1.1834500000000003,1.1840200000000003,12230
2026-04-20T08:00:00+00:00,1.1840200000000003,1.1845600000000003,1.1837500000000003,1.1841900000000003,8893
2026-04-20T09:00:00+00:00,1.1841900000000003,1.1846600000000003,1.1836000000000004,1.1846300000000003,7283
2026-04-20T10:00:00+00:00,1.1846300000000003,1.1852200000000004,1.1843200000000003,1.1851500000000004,6304
2026-04-20T11:00:00+00:00,1.1851500000000004,1.1856400000000005,1.1846200000000005,1.1847800000000004,7222
2026-04-20T12:00:00+00:00,1.1847800000000004,1.1849100000000004,1.1836700000000004,1.1845900000000003,8810
2026-04-20T13:00:00+00:00,1.1845900000000003,1.1862500000000005,1.1842000000000004,1.1856000000000004,15419
2026-04-20T14:00:00+00:00,1.1856000000000004,1.1858900000000003,1.1843000000000004,1.1852700000000003,18150
2026-04-20T15:00:00+00:00,1.1852700000000003,1.1870400000000003,1.1849300000000003,1.1864900000000003,16533
2026-04-20T16:00:00+00:00,1.1864900000000003,1.1869000000000003,1.1862600000000003,1.1866600000000003,6489
2026-04-20T17:00:00+00:00,1.1866600000000003,1.1871100000000003,1.1862300000000003,1.1864700000000004,5534
2026-04-20T18:00:00+00:00,1.1864700000000004,1.1870500000000004,1.1859600000000003,1.1860900000000003,7827
2026-04-20T19:00:00+00:00,1.1860900000000003,1.1869700000000003,1.1860500000000003,1.1866900000000005,4419
2026-04-20T20:00:00+00:00,1.1866900000000005,1.1869600000000005,1.1864500000000002,1.1869100000000001,2951.5818786367417
2026-04-20T21:00:00+00:00,1.1869100000000001,1.1869100000000001,1.1863200000000003,1.1866400000000001,1407.6315951127667
2026-04-20T22:00:00+00:00,1.1866400000000001,1.1871500000000001,1.1866300000000003,1.1871500000000001,2964
2026-04-20T23:00:00+00:00,1.1871500000000001,1.1872000000000003,1.1864200000000003,1.1865100000000002,1907
2026-04-21T00:00:00+00:00,1.1865100000000002,1.1866400000000001,1.1861700000000002,1.1863700000000001,6205
2026-04-21T01:00:00+00:00,1.1863700000000001,1.1867100000000002,1.1860400000000002,1.1861300000000001,4212
2026-04-21T02:00:00+00:00,1.1861300000000001,1.1863200000000003,1.1857800000000003,1.1860200000000003,2764
2026-04-21T03:00:00+00:00,1.1860200000000003,1.1860600000000001,1.1854300000000002,1.1856500000000003,2848
2026-04-21T04:00:00+00:00,1.1856500000000003,1.1857600000000001,1.1855000000000002,1.1856500000000003,2381
2026-04-21T05:00:00+00:00,1.1856500000000003,1.1863100000000002,1.1856100000000003,1.1859100000000002,4644
2026-04-21T06:00:00+00:00,1.1859100000000002,1.1861100000000002,1.1852900000000002,1.1855600000000002,7027
2026-04-21T07:00:00+00:00,1.1855600000000002,1.1858000000000002,1.1844400000000002,1.1845100000000002,9025
2026-04-21T08:00:00+00:00,1.1845100000000002,1.1847900000000002,1.1837900000000001,1.1846100000000002,9729
2026-04-21T09:00:00+00:00,1.1846100000000002,1.1846200000000002,1.1837500000000003,1.1840400000000002,6855
2026-04-21T10:00:00+00:00,1.1840400000000002,1.1842400000000002,1.1837400000000002,1.1841900000000003,5788
2026-04-21T11:00:00+00:00,1.1841900000000003,1.18494,1.1837100000000003,1.1848100000000001,8099
2026-04-21T12:00:00+00:00,1.1848100000000001,1.1849300000000003,1.1835000000000002,1.1840100000000002,10881
2026-04-21T13:00:00+00:00,1.1840100000000002,1.1852500000000001,1.1838800000000003,1.1846600000000003,10275
2026-04-21T14:00:00+00:00,1.1846600000000003,1.1856900000000001,1.18328,1.1833300000000002,15938
2026-04-21T15:00:00+00:00,1.1833300000000002,1.1840600000000001,1.1822100000000002,1.1832300000000002,16149
2026-04-21T16:00:00+00:00,1.1832300000000002,1.1836600000000002,1.1821300000000001,1.1822500000000002,9374
2026-04-21T17:00:00+00:00,1.1822500000000002,1.1844500000000002,1.1801100000000002,1.1823800000000002,21473
2026-04-21T18:00:00+00:00,1.1823800000000002,1.1828100000000001,1.1810300000000002,1.18216,14673
2026-04-21T19:00:00+00:00,1.18216,1.1833200000000001,1.1799700000000002,1.1806600000000003,22886
2026-04-21T20:00:00+00:00,1.1806600000000003,1.1834200000000001,1.1804300000000003,1.1823400000000002,13914
2026-04-21T21:00:00+00:00,1.1823400000000002,1.1831000000000003,1.18128,1.1820700000000002,1576.6008113344635
2026-04-21T22:00:00+00:00,1.1820700000000002,1.1824200000000002,1.1819600000000001,1.1819700000000002,1878
2026-04-21T23:00:00+00:00,1.1819700000000002,1.1825100000000002,1.1818200000000003,1.1825,1839
2026-04-22T00:00:00+00:00,1.1825,1.1832200000000002,1.1824000000000001,1.1824800000000002,6396
2026-04-22T01:00:00+00:00,1.1824800000000002,1.1827900000000002,1.1819600000000001,1.1825500000000002,4882
2026-04-22T02:00:00+00:00,1.1825500000000002,1.1829300000000003,1.18206,1.1821500000000003,3337
2026-04-22T03:00:00+00:00,1.1821500000000003,1.1823400000000002,1.1818600000000001,1.1819400000000002,2701
2026-04-22T04:00:00+00:00,1.1819400000000002,1.1823400000000002,1.1819200000000003,1.1820400000000002,2281
2026-04-22T05:00:00+00:00,1.1820400000000002,1.1843400000000002,1.1820000000000002,1.1831300000000002,8502
2026-04-22T06:00:00+00:00,1.1831300000000002,1.1836100000000003,1.1825800000000002,1.1830300000000002,6684
2026-04-22T07:00:00+00:00,1.1830300000000002,1.1837300000000002,1.1826900000000002,1.1836300000000002,7487
2026-04-22T08:00:00+00:00,1.1836300000000002,1.1840100000000002,1.1828400000000001,1.1834600000000002,8284
2026-04-22T09:00:00+00:00,1.1834600000000002,1.1838300000000002,1.1827400000000001,1.1828500000000002,6691
2026-04-22T10:00:00+00:00,1.1828500000000002,1.1834200000000001,1.1824700000000001,1.1832500000000001,6230
2026-04-22T11:00:00+00:00,1.1832500000000001,1.1832500000000001,1.1812900000000002,1.1815600000000002,8598
2026-04-22T12:00:00+00:00,1.1815600000000002,1.1818600000000001,1.1805900000000003,1.1808600000000002,9882
2026-04-22T13:00:00+00:00,1.1808600000000002,1.1824100000000002,1.1804700000000001,1.1821700000000002,16229
2026-04-22T14:00:00+00:00,1.1821700000000002,1.1824100000000002,1.1799300000000001,1.1799500000000003,14135
2026-04-22T15:00:00+00:00,1.1799500000000003,1.1804900000000003,1.1793400000000003,1.1794200000000001,11067
2026-04-22T16:00:00+00:00,1.1794200000000001,1.1796600000000002,1.1790900000000002,1.1793700000000003,7048
2026-04-22T17:00:00+00:00,1.1793700000000003,1.1797800000000003,1.1790900000000002,1.1791300000000002,6707
2026-04-22T18:00:00+00:00,1.1791300000000002,1.1793800000000003,1.1788500000000002,1.1789800000000001,4678
2026-04-22T19:00:00+00:00,1.1789800000000001,1.1792200000000002,1.1785900000000002,1.1786600000000003,5014
2026-04-22T20:00:00+00:00,1.1786600000000003,1.1788700000000003,1.1784000000000001,1.1785500000000002,3488
2026-04-22T21:00:00+00:00,1.1785500000000002,1.1789000000000003,1.1784200000000002,1.1788400000000003,612.7290147850545
2026-04-22T22:00:00+00:00,1.1788400000000003,1.1790000000000003,1.1786000000000003,1.1787100000000004,1078
2026-04-22T23:00:00+00:00,1.1787100000000004,1.1788200000000006,1.1785700000000008,1.1786700000000008,1318.2098040470155
2026-04-23T00:00:00+00:00,1.1786700000000008,1.1794700000000007,1.1773200000000008,1.1792700000000007,16621
2026-04-23T01:00:00+00:00,1.1792700000000007,1.1794100000000007,1.1788700000000008,1.1790200000000006,5905
2026-04-23T02:00:00+00:00,1.1790200000000006,1.1791500000000008,1.1776900000000008,1.1778500000000007,6154
2026-04-23T03:00:00+00:00,1.1778500000000007,1.1782800000000007,1.1775900000000008,1.1776600000000008,5744
2026-04-23T04:00:00+00:00,1.1776600000000008,1.1781700000000008,1.1776200000000008,1.1781200000000007,3040
2026-04-23T05:00:00+00:00,1.1781200000000007,1.1788100000000008,1.1780500000000007,1.1788100000000008,3927
2026-04-23T06:00:00+00:00,1.1788100000000008,1.1790100000000008,1.1783100000000006,1.1784600000000007,5867
2026-04-23T07:00:00+00:00,1.1784600000000007,1.1793100000000007,1.1775600000000006,1.1783500000000007,10484
2026-04-23T08:00:00+00:00,1.1783500000000007,1.1786200000000007,1.1777500000000007,1.1782700000000008,8377
2026-04-23T09:00:00+00:00,1.1782700000000008,1.1783400000000006,1.1771400000000007,1.1774800000000007,8588
2026-04-23T10:00:00+00:00,1.1774800000000007,1.1777200000000008,1.1760700000000006,1.1763200000000007,7342
2026-04-23T11:00:00+00:00,1.1763200000000007,1.1778800000000007,1.1760000000000008,1.1771700000000007,9903
2026-04-23T12:00:00+00:00,1.1771700000000007,1.1779200000000007,1.1767100000000008,1.1773000000000007,16226
2026-04-23T13:00:00+00:00,1.1773000000000007,1.1777800000000007,1.1763500000000007,1.1772100000000008,13531
2026-04-23T14:00:00+00:00,1.1772100000000008,1.1797600000000008,1.1768300000000007,1.1791900000000006,14920
2026-04-23T15:00:00+00:00,1.1791900000000006,1.1796600000000008,1.1781800000000007,1.1784400000000008,13010
2026-04-23T16:00:00+00:00,1.1784400000000008,1.1786600000000007,1.1779400000000007,1.1783200000000007,7655
2026-04-23T17:00:00+00:00,1.1783200000000007,1.1783800000000006,1.1750200000000006,1.1773900000000008,34269
2026-04-23T18:00:00+00:00,1.1773900000000008,1.1781100000000007,1.1769300000000007,1.1770200000000006,16254
2026-04-23T19:00:00+00:00,1.1770200000000006,1.1771300000000007,1.1761400000000006,1.1767500000000006,9181
2026-04-23T20:00:00+00:00,1.1767500000000006,1.1767800000000008,1.1761700000000008,1.1764300000000008,3583
2026-04-23T21:00:00+00:00,1.1764300000000008,1.1769100000000008,1.1757500000000007,1.1764100000000006,1788.1165720418683
2026-04-23T22:00:00+00:00,1.1764100000000006,1.1767800000000008,1.1764100000000006,1.1767200000000007,1026
2026-04-23T23:00:00+00:00,1.1767200000000007,1.1767300000000007,1.1763100000000006,1.1764600000000007,1435
2026-04-24T00:00:00+00:00,1.1764600000000007,1.1769500000000006,1.1762900000000007,1.1766300000000007,5628
2026-04-24T01:00:00+00:00,1.1766300000000007,1.1769800000000008,1.1763300000000008,1.1769600000000007,5074
2026-04-24T02:00:00+00:00,1.1769600000000007,1.1770400000000008,1.1759200000000007,1.1760200000000007,3809
2026-04-24T03:00:00+00:00,1.1760200000000007,1.1761200000000007,1.1754000000000007,1.1759000000000006,3650
2026-04-24T04:00:00+00:00,1.1759000000000006,1.1762800000000007,1.1757500000000007,1.1760200000000007,3356
2026-04-24T05:00:00+00:00,1.1760200000000007,1.1764200000000007,1.1757600000000008,1.1763100000000006,3782
2026-04-24T06:00:00+00:00,1.1763100000000006,1.1764800000000006,1.1758300000000008,1.1759600000000008,5803
2026-04-24T07:00:00+00:00,1.1759600000000008,1.1775000000000007,1.1757100000000007,1.1771600000000007,6463
2026-04-24T08:00:00+00:00,1.1771600000000007,1.1777000000000006,1.1764900000000007,1.1770800000000008,9707
2026-04-24T09:00:00+00:00,1.1770800000000008,1.1772000000000007,1.1765100000000006,1.1767500000000006,5877
2026-04-24T10:00:00+00:00,1.1767500000000006,1.1784600000000007,1.1766600000000007,1.1784300000000008,5994
2026-04-24T11:00:00+00:00,1.1784300000000008,1.1799600000000008,1.1783800000000006,1.1795700000000007,18352
2026-04-24T12:00:00+00:00,1.1795700000000007,1.1798500000000007,1.1783700000000008,1.1789800000000008,11677
2026-04-24T13:00:00+00:00,1.1789800000000008,1.1793700000000007,1.1779700000000006,1.1787500000000006,13263
2026-04-24T14:00:00+00:00,1.1787500000000006,1.1798000000000006,1.1781200000000007,1.1787200000000007,18185
2026-04-24T15:00:00+00:00,1.1787200000000007,1.1800800000000007,1.1781600000000008,1.1798600000000008,15430
2026-04-24T16:00:00+00:00,1.1798600000000008,1.1800800000000007,1.1794000000000007,1.1800200000000007,9151
2026-04-24T17:00:00+00:00,1.1800200000000007,1.1802200000000007,1.1793100000000007,1.1794600000000006,7938
2026-04-24T18:00:00+00:00,1.1794600000000006,1.1800700000000006,1.1792200000000008,1.1798800000000007,5072
2026-04-24T19:00:00+00:00,1.1798800000000007,1.1802000000000008,1.1796500000000008,1.1799700000000006,5424
2026-04-24T20:00:00+00:00,1.1799700000000006,1.1804100000000006,1.1796700000000007,1.1798200000000008,3677.451447245565
2026-04-26T21:00:00+00:00,1.1798200000000008,1.1820400000000006,1.1798200000000008,1.1815700000000005,616.125344920933
2026-04-26T22:00:00+00:00,1.1815700000000005,1.1823600000000005,1.1815700000000005,1.1819400000000004,2258
2026-04-26T23:00:00+00:00,1.1819400000000004,1.1821100000000004,1.1816700000000004,1.1816900000000006,1468
2026-04-27T00:00:00+00:00,1.1816900000000006,1.1828700000000005,1.1816900000000006,1.1827500000000004,4634
2026-04-27T01:00:00+00:00,1.1827500000000004,1.1838400000000004,1.1827500000000004,1.1836000000000004,8461
2026-04-27T02:00:00+00:00,1.1836000000000004,1.1839800000000005,1.1831100000000006,1.1838000000000004,3897
2026-04-27T03:00:00+00:00,1.1838000000000004,1.1844000000000006,1.1837900000000006,1.1840900000000005,3147
2026-04-27T04:00:00+00:00,1.1840900000000005,1.1843100000000004,1.1836700000000004,1.1838200000000005,3199
2026-04-27T05:00:00+00:00,1.1838200000000005,1.1839500000000005,1.1833600000000004,1.1834000000000005,3782
2026-04-27T06:00:00+00:00,1.1834000000000005,1.1841300000000006,1.1828200000000004,1.1841200000000005,6739
2026-04-27T07:00:00+00:00,1.1841200000000005,1.1856800000000005,1.1840700000000004,1.1855600000000004,6876
2026-04-27T08:00:00+00:00,1.1855600000000004,1.1862400000000004,1.1850700000000005,1.1860000000000004,8576
2026-04-27T09:00:00+00:00,1.1860000000000004,1.1862500000000005,1.1852600000000004,1.1853800000000005,5426
2026-04-27T10:00:00+00:00,1.1853800000000005,1.1859500000000005,1.1850400000000005,1.1857600000000006,4575
2026-04-27T11:00:00+00:00,1.1857600000000006,1.1858700000000004,1.1849300000000005,1.1852800000000006,5517
2026-04-27T12:00:00+00:00,1.1852800000000006,1.1866500000000004,1.1852300000000004,1.1855900000000006,9245
2026-04-27T13:00:00+00:00,1.1855900000000006,1.1865600000000005,1.1847200000000004,1.1851500000000006,12830
2026-04-27T14:00:00+00:00,1.1851500000000006,1.1859700000000004,1.1844700000000006,1.1847600000000005,12074
2026-04-27T15:00:00+00:00,1.1847600000000005,1.1848400000000006,1.1840800000000005,1.1842300000000006,9042
2026-04-27T16:00:00+00:00,1.1842300000000006,1.1845400000000006,1.1836700000000004,1.1837500000000005,5604
2026-04-27T17:00:00+00:00,1.1837500000000005,1.1841500000000005,1.1831600000000004,1.1834700000000005,6104
2026-04-27T18:00:00+00:00,1.1834700000000005,1.1836400000000005,1.1830400000000005,1.1831600000000004,3816
2026-04-27T19:00:00+00:00,1.1831600000000004,1.1837400000000005,1.1830700000000005,1.1832300000000004,4004
2026-04-27T20:00:00+00:00,1.1832300000000004,1.1834800000000005,1.1830900000000004,1.1830900000000004,2055
2026-04-27T21:00:00+00:00,1.1830900000000004,1.1833900000000004,1.1829500000000004,1.1832300000000004,945.1940525924816
2026-04-27T22:00:00+00:00,1.1832300000000004,1.1835800000000003,1.1831700000000005,1.1835000000000004,1580
2026-04-27T23:00:00+00:00,1.1835000000000004,1.1836000000000004,1.1834100000000003,1.1835800000000003,1185
2026-04-28T00:00:00+00:00,1.1835800000000003,1.1839700000000004,1.1829800000000004,1.1831600000000004,5481
2026-04-28T01:00:00+00:00,1.1831600000000004,1.1831600000000004,1.1825000000000003,1.1825500000000004,4530
2026-04-28T02:00:00+00:00,1.1825500000000004,1.1826500000000004,1.1820600000000003,1.1821200000000003,3212
2026-04-28T03:00:00+00:00,1.1821200000000003,1.1830600000000004,1.1820900000000003,1.1826000000000003,4825
2026-04-28T04:00:00+00:00,1.1826000000000003,1.1829100000000004,1.1824400000000004,1.1825200000000005,2451
2026-04-28T05:00:00+00:00,1.1825200000000005,1.1826200000000004,1.1818100000000005,1.1818800000000005,4318
2026-04-28T06:00:00+00:00,1.1818800000000005,1.1820900000000003,1.1799800000000005,1.1800100000000004,9195
2026-04-28T07:00:00+00:00,1.1800100000000004,1.1813600000000004,1.1798700000000004,1.1809300000000005,10429
2026-04-28T08:00:00+00:00,1.1809300000000005,1.1820500000000005,1.1807600000000005,1.1815000000000004,10658
2026-04-28T09:00:00+00:00,1.1815000000000004,1.1815000000000004,1.1799100000000005,1.1805000000000003,8842
2026-04-28T10:00:00+00:00,1.1805000000000003,1.1808500000000004,1.1803100000000004,1.1806000000000003,7256
2026-04-28T11:00:00+00:00,1.1806000000000003,1.1812200000000004,1.1794800000000003,1.1795700000000005,11222
2026-04-28T12:00:00+00:00,1.1795700000000005,1.1812700000000005,1.1790100000000003,1.1809700000000003,14731
2026-04-28T13:00:00+00:00,1.1809700000000003,1.1816500000000003,1.1801200000000003,1.1810000000000005,14902
2026-04-28T14:00:00+00:00,1.1810000000000005,1.1816000000000004,1.1803300000000003,1.1813600000000004,17962
2026-04-28T15:00:00+00:00,1.1813600000000004,1.1828500000000004,1.1813600000000004,1.1826400000000004,13109
2026-04-28T16:00:00+00:00,1.1826400000000004,1.1829800000000004,1.1818200000000003,1.1823200000000005,7472
2026-04-28T17:00:00+00:00,1.1823200000000005,1.1830400000000003,1.1819300000000004,1.1826400000000004,5805
2026-04-28T18:00:00+00:00,1.1826400000000004,1.1828900000000004,1.1824000000000003,1.1824500000000004,5771
2026-04-28T19:00:00+00:00,1.1824500000000004,1.1828000000000003,1.1819800000000005,1.1822500000000005,4105
2026-04-28T20:00:00+00:00,1.1822500000000005,1.1827900000000005,1.1822100000000004,1.1824700000000004,2438
2026-04-28T21:00:00+00:00,1.1824700000000004,1.1827000000000003,1.1820700000000004,1.1823600000000003,319.42915290717144
2026-04-28T22:00:00+00:00,1.1823600000000003,1.1830400000000003,1.1823600000000003,1.1827800000000002,1971.5323965651835
2026-04-28T23:00:00+00:00,1.1827800000000002,1.1829700000000003,1.1827300000000003,1.1829700000000003,964
2026-04-29T00:00:00+00:00,1.1829700000000003,1.1832700000000003,1.1826600000000003,1.1827700000000003,3364
2026-04-29T01:00:00+00:00,1.1827700000000003,1.1828300000000003,1.1819200000000003,1.1824100000000002,7427
2026-04-29T02:00:00+00:00,1.1824100000000002,1.1829000000000003,1.1819300000000001,1.1819700000000002,4052
2026-04-29T03:00:00+00:00,1.1819700000000002,1.1822800000000002,1.1817200000000003,1.1818100000000002,2738
2026-04-29T04:00:00+00:00,1.1818100000000002,1.1819800000000003,1.1816700000000002,1.1817700000000002,1557
2026-04-29T05:00:00+00:00,1.1817700000000002,1.1817900000000001,1.1810200000000002,1.1812700000000003,3342
2026-04-29T06:00:00+00:00,1.1812700000000003,1.1816300000000002,1.1808500000000002,1.1812100000000003,5900
2026-04-29T07:00:00+00:00,1.1812100000000003,1.1820400000000002,1.1810300000000002,1.1817400000000002,7377
2026-04-29T08:00:00+00:00,1.1817400000000002,1.1817800000000003,1.1805700000000001,1.1812200000000002,8951
2026-04-29T09:00:00+00:00,1.1812200000000002,1.1816700000000002,1.1808200000000002,1.1809700000000003,6524
2026-04-29T10:00:00+00:00,1.1809700000000003,1.1821500000000003,1.1808600000000002,1.1821300000000001,5378
2026-04-29T11:00:00+00:00,1.1821300000000001,1.1821800000000002,1.1811800000000001,1.1813100000000003,7153
2026-04-29T12:00:00+00:00,1.1813100000000003,1.1820300000000001,1.1805500000000002,1.1811300000000002,11409
2026-04-29T13:00:00+00:00,1.1811300000000002,1.1815400000000003,1.1794600000000002,1.1801000000000001,16409
2026-04-29T14:00:00+00:00,1.1801000000000001,1.1815200000000001,1.1795900000000001,1.1813300000000002,13401
2026-04-29T15:00:00+00:00,1.1813300000000002,1.1816300000000002,1.1799300000000001,1.1806800000000002,16996
2026-04-29T16:00:00+00:00,1.1806800000000002,1.1810900000000002,1.1795800000000003,1.1796800000000003,9954
2026-04-29T17:00:00+00:00,1.1796800000000003,1.1801200000000003,1.1791900000000002,1.1799000000000002,9727
2026-04-29T18:00:00+00:00,1.1799000000000002,1.1802600000000003,1.1773400000000005,1.1784400000000006,21706.552786788558
2026-04-29T19:00:00+00:00,1.1784400000000006,1.1792600000000004,1.1779300000000006,1.1788500000000004,10025
2026-04-29T20:00:00+00:00,1.1788500000000004,1.1789800000000006,1.1783100000000004,1.1789200000000004,5619
2026-04-29T21:00:00+00:00,1.1789200000000004,1.1793500000000001,1.1783600000000005,1.17894,1626.7525897772086
2026-04-29T22:00:00+00:00,1.17894,1.17966,1.17889,1.17956,2541
2026-04-29T23:00:00+00:00,1.17956,1.18043,1.1794,1.18025,2124
2026-04-30T00:00:00+00:00,1.18025,1.18075,1.1797,1.17971,7479
2026-04-30T01:00:00+00:00,1.17971,1.17997,1.17913,1.1792500000000001,6219
2026-04-30T02:00:00+00:00,1.1792500000000001,1.17946,1.17804,1.17849,7614
2026-04-30T03:00:00+00:00,1.17849,1.17889,1.17827,1.17839,5181
2026-04-30T04:00:00+00:00,1.17839,1.17841,1.1773,1.17781,6065
2026-04-30T05:00:00+00:00,1.17781,1.17825,1.17768,1.17773,5593
2026-04-30T06:00:00+00:00,1.17773,1.17884,1.17756,1.17883,9338
2026-04-30T07:00:00+00:00,1.17883,1.18019,1.17878,1.17975,10972
2026-04-30T08:00:00+00:00,1.17975,1.18155,1.17921,1.17975,16321
2026-04-30T09:00:00+00:00,1.17975,1.18153,1.17911,1.18125,14406
2026-04-30T10:00:00+00:00,1.18125,1.18333,1.1807,1.18326,28968
2026-04-30T11:00:00+00:00,1.18326,1.18375,1.18211,1.18228,29216
2026-04-30T12:00:00+00:00,1.18228,1.18235,1.18073,1.18105,21210
2026-04-30T13:00:00+00:00,1.18105,1.18188,1.17997,1.1808,24416
2026-04-30T14:00:00+00:00,1.1808,1.18514,1.18055,1.18458,29057
2026-04-30T15:00:00+00:00,1.18458,1.18537,1.18407,1.18464,19272
2026-04-30T16:00:00+00:00,1.18464,1.1853500000000001,1.18409,1.18434,9167
2026-04-30T17:00:00+00:00,1.18434,1.18503,1.184,1.1843000000000001,9237
2026-04-30T18:00:00+00:00,1.1843000000000001,1.18581,1.1843000000000001,1.18543,6945
2026-04-30T19:00:00+00:00,1.18543,1.18595,1.1850100000000001,1.18514,7833
2026-04-30T20:00:00+00:00,1.18514,1.1854500000000001,1.1847400000000001,1.18494,5351
2026-04-30T21:00:00+00:00,1.18494,1.18519,1.18449,1.18488,1482
2026-04-30T22:00:00+00:00,1.18488,1.1854500000000001,1.18471,1.18492,1969
2026-04-30T23:00:00+00:00,1.18492,1.18512,1.18461,1.18466,2728
2026-05-01T00:00:00+00:00,1.18466,1.18478,1.18421,1.18456,6760
2026-05-01T01:00:00+00:00,1.18456,1.1851,1.18431,1.1849,4027
2026-05-01T02:00:00+00:00,1.1849,1.1852,1.18475,1.18516,3556
2026-05-01T03:00:00+00:00,1.18516,1.18544,1.18485,1.1849,3275
2026-05-01T04:00:00+00:00,1.1849,1.18502,1.18439,1.18447,2740
2026-05-01T05:00:00+00:00,1.18447,1.18451,1.18397,1.18405,2565
2026-05-01T06:00:00+00:00,1.18405,1.18629,1.18368,1.18534,12432
2026-05-01T07:00:00+00:00,1.18534,1.18599,1.18494,1.18525,12369
2026-05-01T08:00:00+00:00,1.18525,1.18659,1.18498,1.18614,8016
2026-05-01T09:00:00+00:00,1.18614,1.18618,1.18488,1.18492,6428
2026-05-01T10:00:00+00:00,1.18492,1.18638,1.18488,1.18626,5478
2026-05-01T11:00:00+00:00,1.18626,1.18763,1.1862,1.18692,7253
2026-05-01T12:00:00+00:00,1.18692,1.18868,1.18662,1.18756,12669
2026-05-01T13:00:00+00:00,1.18756,1.18815,1.18619,1.18794,14984
2026-05-01T14:00:00+00:00,1.18794,1.19032,1.1878,1.18853,20609
2026-05-01T15:00:00+00:00,1.18853,1.18887,1.1871,1.1873,14927
2026-05-01T16:00:00+00:00,1.1873,1.18751,1.18557,1.1856200000000001,10735
2026-05-01T17:00:00+00:00,1.1856200000000001,1.18584,1.18472,1.1851,7689
2026-05-01T18:00:00+00:00,1.1851,1.18521,1.18373,1.18453,8600
2026-05-01T19:00:00+00:00,1.18453,1.18463,1.18357,1.18375,4014
2026-05-01T20:00:00+00:00,1.18375,1.18404,1.18319,1.1837400000000002,3750.8760425288087
2026-05-03T21:00:00+00:00,1.1837400000000002,1.1840400000000002,1.18279,1.1830900000000002,415.6280105841644
2026-05-03T22:00:00+00:00,1.1830900000000002,1.18347,1.18194,1.1825800000000002,3539
2026-05-03T23:00:00+00:00,1.1825800000000002,1.1826,1.1817700000000002,1.1818600000000001,3171
2026-05-04T00:00:00+00:00,1.1818600000000001,1.1821400000000002,1.18141,1.1819600000000001,7061
2026-05-04T01:00:00+00:00,1.1819600000000001,1.1822000000000001,1.18127,1.1817700000000002,6937
2026-05-04T02:00:00+00:00,1.1817700000000002,1.1821400000000002,1.18151,1.18202,5078
2026-05-04T03:00:00+00:00,1.18202,1.1831500000000001,1.18172,1.183,10883
2026-05-04T04:00:00+00:00,1.183,1.1830800000000001,1.18201,1.1821700000000002,4913
2026-05-04T05:00:00+00:00,1.1821700000000002,1.18249,1.18182,1.18233,5839
2026-05-04T06:00:00+00:00,1.18233,1.1829800000000001,1.1814,1.1821400000000002,8007
2026-05-04T07:00:00+00:00,1.1821400000000002,1.18216,1.18079,1.18103,8159
2026-05-04T08:00:00+00:00,1.18103,1.18158,1.18039,1.1811900000000002,7648
2026-05-04T09:00:00+00:00,1.1811900000000002,1.18164,1.1808400000000001,1.181,6491
2026-05-04T10:00:00+00:00,1.181,1.181,1.1781300000000001,1.1797700000000002,23336
2026-05-04T11:00:00+00:00,1.1797700000000002,1.1801300000000001,1.1785400000000001,1.1785800000000002,12732
2026-05-04T12:00:00+00:00,1.1785800000000002,1.1805,1.1784700000000001,1.18018,12771
2026-05-04T13:00:00+00:00,1.18018,1.18104,1.17947,1.18077,16159
2026-05-04T14:00:00+00:00,1.18077,1.1809,1.1797000000000002,1.17999,14715
2026-05-04T15:00:00+00:00,1.17999,1.18083,1.17867,1.179,22773
2026-05-04T16:00:00+00:00,1.179,1.1793500000000001,1.1773500000000001,1.1774900000000001,19575
2026-05-04T17:00:00+00:00,1.1774900000000001,1.1789800000000001,1.1774300000000002,1.1786100000000002,10480
2026-05-04T18:00:00+00:00,1.1786100000000002,1.17906,1.17808,1.1789800000000001,9591
2026-05-04T19:00:00+00:00,1.1789800000000001,1.17951,1.1786100000000002,1.17876,9362
2026-05-04T20:00:00+00:00,1.17876,1.1787800000000002,1.1779600000000001,1.1779600000000001,3495
2026-05-04T21:00:00+00:00,1.1779600000000001,1.1782100000000002,1.1776900000000003,1.1780400000000002,626.7895530910421
2026-05-04T22:00:00+00:00,1.1780400000000002,1.1782200000000003,1.1779300000000004,1.1780600000000003,1255
2026-05-04T23:00:00+00:00,1.1780600000000003,1.1783400000000004,1.1780400000000002,1.1782100000000002,1101
2026-05-05T00:00:00+00:00,1.1782100000000002,1.1784300000000003,1.1775600000000004,1.1776900000000003,4853
2026-05-05T01:00:00+00:00,1.1776900000000003,1.1778800000000003,1.1770100000000003,1.1777400000000002,5020
2026-05-05T02:00:00+00:00,1.1777400000000002,1.1782100000000002,1.1776700000000002,1.1778100000000002,3348
2026-05-05T03:00:00+00:00,1.1778100000000002,1.1778700000000002,1.1774100000000003,1.1774500000000003,2395
2026-05-05T04:00:00+00:00,1.1774500000000003,1.1777900000000003,1.1767400000000003,1.1768300000000003,3677
2026-05-05T05:00:00+00:00,1.1768300000000003,1.1775000000000002,1.1767000000000003,1.1773800000000003,4997
2026-05-05T06:00:00+00:00,1.1773800000000003,1.1780100000000002,1.1770000000000003,1.1776400000000002,7650
2026-05-05T07:00:00+00:00,1.1776400000000002,1.1787100000000004,1.1776200000000003,1.1779600000000003,9187
2026-05-05T08:00:00+00:00,1.1779600000000003,1.1787300000000003,1.1775600000000004,1.1779300000000004,8113
2026-05-05T09:00:00+00:00,1.1779300000000004,1.1783400000000004,1.1771600000000002,1.1780700000000002,9652
2026-05-05T10:00:00+00:00,1.1780700000000002,1.1788300000000003,1.1777500000000003,1.1780100000000002,6502
2026-05-05T11:00:00+00:00,1.1780100000000002,1.1785200000000002,1.1773800000000003,1.1779600000000003,8326
2026-05-05T12:00:00+00:00,1.1779600000000003,1.1788500000000002,1.1775800000000003,1.1783000000000003,12096
2026-05-05T13:00:00+00:00,1.1783000000000003,1.1795100000000003,1.1782600000000003,1.1787800000000004,11958
2026-05-05T14:00:00+00:00,1.1787800000000004,1.1796400000000002,1.1782000000000004,1.1796300000000002,18268
2026-05-05T15:00:00+00:00,1.1796300000000002,1.1804200000000002,1.1791700000000003,1.1797100000000003,10940
2026-05-05T16:00:00+00:00,1.1797100000000003,1.1799400000000002,1.1788500000000002,1.1789900000000002,5850
2026-05-05T17:00:00+00:00,1.1789900000000002,1.1794700000000002,1.1786700000000003,1.1789300000000003,6703
2026-05-05T18:00:00+00:00,1.1789300000000003,1.1791500000000004,1.1787600000000003,1.1790400000000003,3439
2026-05-05T19:00:00+00:00,1.1790400000000003,1.1791800000000003,1.1784600000000003,1.1785800000000002,4089
2026-05-05T20:00:00+00:00,1.1785800000000002,1.1787500000000002,1.1782800000000002,1.1782900000000003,2312
2026-05-05T21:00:00+00:00,1.1782900000000003,1.1783400000000004,1.1779900000000003,1.1782500000000002,541.7517098288134
2026-05-05T22:00:00+00:00,1.1782500000000002,1.1799600000000001,1.17819,1.17958,3758
2026-05-05T23:00:00+00:00,1.17958,1.1816000000000002,1.1795300000000002,1.1805100000000002,6509
2026-05-06T00:00:00+00:00,1.1805100000000002,1.1811800000000001,1.1801400000000002,1.1810500000000002,9480
2026-05-06T01:00:00+00:00,1.1810500000000002,1.1816400000000002,1.1808,1.18117,7129
2026-05-06T02:00:00+00:00,1.18117,1.1815200000000001,1.1806,1.18077,4246
2026-05-06T03:00:00+00:00,1.18077,1.1813500000000001,1.18066,1.1808100000000001,4251
2026-05-06T04:00:00+00:00,1.1808100000000001,1.1833200000000001,1.18067,1.18273,17161
2026-05-06T05:00:00+00:00,1.18273,1.1828500000000002,1.1820400000000002,1.1823400000000002,7740
2026-05-06T06:00:00+00:00,1.1823400000000002,1.1825900000000003,1.1818600000000001,1.1823700000000001,8690
2026-05-06T07:00:00+00:00,1.1823700000000001,1.1828600000000002,1.18148,1.18277,10714
2026-05-06T08:00:00+00:00,1.18277,1.1861100000000002,1.1823100000000002,1.1852600000000002,18098
2026-05-06T09:00:00+00:00,1.1852600000000002,1.18677,1.1846400000000001,1.1865500000000002,13884
2026-05-06T10:00:00+00:00,1.1865500000000002,1.1887,1.1856900000000001,1.1879400000000002,16460
2026-05-06T11:00:00+00:00,1.1879400000000002,1.1882000000000001,1.18585,1.18602,15326
2026-05-06T12:00:00+00:00,1.18602,1.1860400000000002,1.1842000000000001,1.1844000000000001,18325
2026-05-06T13:00:00+00:00,1.1844000000000001,1.1849500000000002,1.1836700000000002,1.1842000000000001,18552
2026-05-06T14:00:00+00:00,1.1842000000000001,1.18534,1.1835200000000001,1.1845500000000002,18044
2026-05-06T15:00:00+00:00,1.1845500000000002,1.1849,1.1839000000000002,1.1843000000000001,11454
2026-05-06T16:00:00+00:00,1.1843000000000001,1.18439,1.18321,1.1834600000000002,8438
2026-05-06T17:00:00+00:00,1.1834600000000002,1.1846,1.18331,1.18385,6693
2026-05-06T18:00:00+00:00,1.18385,1.1842000000000001,1.18351,1.1839800000000003,5850
2026-05-06T19:00:00+00:00,1.1839800000000003,1.1845800000000002,1.1837900000000001,1.1838000000000002,5642
2026-05-06T20:00:00+00:00,1.1838000000000002,1.1841000000000002,1.1835200000000001,1.1838100000000003,2831
2026-05-06T21:00:00+00:00,1.1838100000000003,1.1841299999999997,1.1831900000000002,1.1840699999999997,1052.3064702264815
2026-05-06T22:00:00+00:00,1.1840699999999997,1.1843499999999998,1.1840599999999997,1.1842799999999998,1198
2026-05-06T23:00:00+00:00,1.1842799999999998,1.1844099999999997,1.1838399999999998,1.1839999999999997,1601.1013037614266
2026-05-07T00:00:00+00:00,1.1839999999999997,1.1846199999999998,1.1838799999999996,1.1840599999999997,8934
2026-05-07T01:00:00+00:00,1.1840599999999997,1.1855499999999997,1.1838599999999997,1.1851099999999997,7389
2026-05-07T02:00:00+00:00,1.1851099999999997,1.1852999999999998,1.1846699999999997,1.1848499999999997,4495
2026-05-07T03:00:00+00:00,1.1848499999999997,1.1848699999999996,1.1840799999999998,1.1840899999999996,3864
2026-05-07T04:00:00+00:00,1.1840899999999996,1.1845499999999998,1.1839799999999998,1.1842799999999998,3353
2026-05-07T05:00:00+00:00,1.1842799999999998,1.1845699999999997,1.1842099999999998,1.1843799999999998,4284
2026-05-07T06:00:00+00:00,1.1843799999999998,1.1848899999999998,1.1837099999999998,1.1840099999999998,10068
2026-05-07T07:00:00+00:00,1.1840099999999998,1.1860599999999997,1.1839999999999997,1.1858899999999997,14874
2026-05-07T08:00:00+00:00,1.1858899999999997,1.1866199999999998,1.1854999999999998,1.1863799999999998,10344
2026-05-07T09:00:00+00:00,1.1863799999999998,1.1870299999999998,1.1857699999999998,1.1862299999999997,9016
2026-05-07T10:00:00+00:00,1.1862299999999997,1.1868299999999996,1.1857099999999996,1.1859099999999998,8319
2026-05-07T11:00:00+00:00,1.1859099999999998,1.1862399999999997,1.1854399999999996,1.1861999999999997,8231
2026-05-07T12:00:00+00:00,1.1861999999999997,1.1869999999999996,1.1859299999999997,1.1864999999999997,9523
2026-05-07T13:00:00+00:00,1.1864999999999997,1.1869199999999998,1.1858599999999997,1.1860599999999997,13613
2026-05-07T14:00:00+00:00,1.1860599999999997,1.1869399999999997,1.1855999999999998,1.1867899999999998,14054
2026-05-07T15:00:00+00:00,1.1867899999999998,1.1869899999999998,1.1855099999999996,1.1855799999999996,13641
2026-05-07T16:00:00+00:00,1.1855799999999996,1.1858099999999998,1.1848599999999998,1.1852399999999996,11891
2026-05-07T17:00:00+00:00,1.1852399999999996,1.1852999999999998,1.1827699999999997,1.1840899999999996,17018
2026-05-07T18:00:00+00:00,1.1840899999999996,1.1844099999999997,1.1831699999999996,1.1842199999999996,13299
2026-05-07T19:00:00+00:00,1.1842199999999996,1.1846199999999998,1.1825499999999998,1.1825599999999996,13599
2026-05-07T20:00:00+00:00,1.1825599999999996,1.1836899999999997,1.1814299999999998,1.1816199999999997,8587
2026-05-07T21:00:00+00:00,1.1816199999999997,1.1820799999999998,1.1813399999999996,1.1818099999999998,1088.1058540185682
2026-05-07T22:00:00+00:00,1.1818099999999998,1.1823899999999996,1.1814999999999998,1.1817199999999997,3999
2026-05-07T23:00:00+00:00,1.1817199999999997,1.1823499999999998,1.1816699999999998,1.1822499999999998,1825
2026-05-08T00:00:00+00:00,1.1822499999999998,1.1826799999999997,1.1818499999999996,1.1818999999999997,7702
2026-05-08T01:00:00+00:00,1.1818999999999997,1.1825699999999997,1.1818999999999997,1.1824499999999998,5562
2026-05-08T02:00:00+00:00,1.1824499999999998,1.1824699999999997,1.1816499999999996,1.1819499999999996,5615
2026-05-08T03:00:00+00:00,1.1819499999999996,1.1825799999999997,1.1818899999999997,1.1820399999999998,3733
2026-05-08T04:00:00+00:00,1.1820399999999998,1.1827899999999998,1.1818999999999997,1.1827299999999996,3700
2026-05-08T05:00:00+00:00,1.1827299999999996,1.1830799999999997,1.1824999999999997,1.1829099999999997,4511
2026-05-08T06:00:00+00:00,1.1829099999999997,1.1840399999999998,1.1829099999999997,1.1836499999999996,7592
2026-05-08T07:00:00+00:00,1.1836499999999996,1.1839999999999997,1.1833799999999997,1.1835099999999996,8195
2026-05-08T08:00:00+00:00,1.1835099999999996,1.1857799999999996,1.1833999999999998,1.1855899999999997,9348
2026-05-08T09:00:00+00:00,1.1855899999999997,1.1865599999999996,1.1855399999999998,1.1861099999999998,7255
2026-05-08T10:00:00+00:00,1.1861099999999998,1.1864599999999996,1.1853399999999996,1.1856099999999996,6214
2026-05-08T11:00:00+00:00,1.1856099999999996,1.1860999999999997,1.1853999999999998,1.1857399999999998,6278
2026-05-08T12:00:00+00:00,1.1857399999999998,1.1870799999999997,1.1847799999999997,1.1866099999999997,13969
2026-05-08T13:00:00+00:00,1.1866099999999997,1.1878999999999997,1.1858399999999998,1.1870899999999998,15384
2026-05-08T14:00:00+00:00,1.1870899999999998,1.1871699999999996,1.1859199999999996,1.1866399999999997,13803
2026-05-08T15:00:00+00:00,1.1866399999999997,1.1870599999999998,1.1858899999999997,1.1864799999999998,12448
2026-05-08T16:00:00+00:00,1.1864799999999998,1.1870499999999997,1.1862799999999998,1.1863099999999998,5818
2026-05-08T17:00:00+00:00,1.1863099999999998,1.1868399999999997,1.1862599999999996,1.1864499999999998,4947
2026-05-08T18:00:00+00:00,1.1864499999999998,1.1873799999999997,1.1862899999999996,1.1870599999999998,6107
2026-05-08T19:00:00+00:00,1.1870599999999998,1.1875199999999997,1.1868899999999998,1.1872299999999998,4840
2026-05-08T20:00:00+00:00,1.1872299999999998,1.1879999999999997,1.1870899999999998,1.1876499999999997,3301.143133306484
2026-05-10T21:00:00+00:00,1.1876499999999997,1.1901999999999995,1.1873799999999997,1.1893599999999993,940.3347559611539
2026-05-10T22:00:00+00:00,1.1893599999999993,1.1899599999999995,1.1892699999999994,1.1898799999999994,3307
2026-05-10T23:00:00+00:00,1.1898799999999994,1.1904999999999994,1.1898599999999995,1.1902199999999994,2088
2026-05-11T00:00:00+00:00,1.1902199999999994,1.1906899999999994,1.1900499999999994,1.1904899999999994,6236
2026-05-11T01:00:00+00:00,1.1904899999999994,1.1906199999999993,1.1896699999999993,1.1897799999999994,5622
2026-05-11T02:00:00+00:00,1.1897799999999994,1.1901199999999994,1.1893999999999993,1.1894299999999993,3635
2026-05-11T03:00:00+00:00,1.1894299999999993,1.1894299999999993,1.1891099999999994,1.1891599999999993,3171
2026-05-11T04:00:00+00:00,1.1891599999999993,1.1892299999999993,1.1885099999999993,1.1885499999999993,1913
2026-05-11T05:00:00+00:00,1.1885499999999993,1.1889699999999994,1.1883699999999995,1.1884899999999994,3276
2026-05-11T06:00:00+00:00,1.1884899999999994,1.1902999999999995,1.1884899999999994,1.1902399999999993,6019
2026-05-11T07:00:00+00:00,1.1902399999999993,1.1909599999999994,1.1899499999999994,1.1906999999999994,6226
2026-05-11T08:00:00+00:00,1.1906999999999994,1.1917099999999994,1.1906199999999993,1.1906399999999995,6704
2026-05-11T09:00:00+00:00,1.1906399999999995,1.1909399999999994,1.1902299999999995,1.1902399999999993,5331
2026-05-11T10:00:00+00:00,1.1902399999999993,1.1908999999999994,1.1899699999999993,1.1904099999999993,5616
2026-05-11T11:00:00+00:00,1.1904099999999993,1.1909599999999994,1.1898299999999995,1.1903299999999994,6724
2026-05-11T12:00:00+00:00,1.1903299999999994,1.1909499999999993,1.1899399999999993,1.1909399999999994,9019
2026-05-11T13:00:00+00:00,1.1909399999999994,1.1922699999999995,1.1909199999999993,1.1920299999999995,10137
2026-05-11T14:00:00+00:00,1.1920299999999995,1.1922699999999995,1.1913899999999993,1.1914299999999993,11182
2026-05-11T15:00:00+00:00,1.1914299999999993,1.1920299999999995,1.1911699999999994,1.1914899999999995,9102
2026-05-11T16:00:00+00:00,1.1914899999999995,1.1915399999999994,1.1907199999999993,1.1908199999999993,6077
2026-05-11T17:00:00+00:00,1.1908199999999993,1.1913599999999993,1.1905799999999993,1.1912999999999994,5102
2026-05-11T18:00:00+00:00,1.1912999999999994,1.1915399999999994,1.1909399999999994,1.1909999999999994,3711
2026-05-11T19:00:00+00:00,1.1909999999999994,1.1912899999999993,1.1909399999999994,1.1912299999999993,4203
2026-05-11T20:00:00+00:00,1.1912299999999993,1.1918199999999994,1.1908799999999995,1.1918199999999994,2822
2026-05-11T21:00:00+00:00,1.1918199999999994,1.1919499999999994,1.1912499999999995,1.1919499999999994,899.7566995923844
2026-05-11T22:00:00+00:00,1.1919499999999994,1.1922799999999996,1.1919499999999994,1.1920099999999993,1049
2026-05-11T23:00:00+00:00,1.1920099999999993,1.1920499999999994,1.1912399999999994,1.1913499999999995,1403
2026-05-12T00:00:00+00:00,1.1913499999999995,1.1913499999999995,1.1901299999999995,1.1902199999999994,4993
2026-05-12T01:00:00+00:00,1.1902199999999994,1.1904199999999994,1.1892699999999994,1.1896499999999994,7563
2026-05-12T02:00:00+00:00,1.1896499999999994,1.1899699999999995,1.1894399999999994,1.1897499999999994,3646
2026-05-12T03:00:00+00:00,1.1897499999999994,1.1898099999999994,1.1889699999999994,1.1891399999999994,3045
2026-05-12T04:00:00+00:00,1.1891399999999994,1.1894799999999994,1.1890599999999996,1.1892199999999995,3181
2026-05-12T05:00:00+00:00,1.1892199999999995,1.1902899999999994,1.1887399999999995,1.1897299999999995,6380
2026-05-12T06:00:00+00:00,1.1897299999999995,1.1900999999999995,1.1884699999999995,1.1885299999999994,8241
2026-05-12T07:00:00+00:00,1.1885299999999994,1.1888399999999995,1.1878399999999996,1.1882799999999996,9934
2026-05-12T08:00:00+00:00,1.1882799999999996,1.1885499999999996,1.1874399999999994,1.1879499999999994,10811
2026-05-12T09:00:00+00:00,1.1879499999999994,1.1886699999999994,1.1878799999999994,1.1882599999999994,10098
2026-05-12T10:00:00+00:00,1.1882599999999994,1.1884199999999994,1.1875499999999994,1.1875799999999994,6869
2026-05-12T11:00:00+00:00,1.1875799999999994,1.1883499999999994,1.1869799999999995,1.1878899999999994,8277
2026-05-12T12:00:00+00:00,1.1878899999999994,1.1884899999999994,1.1870599999999996,1.1882799999999996,11378
2026-05-12T13:00:00+00:00,1.1882799999999996,1.1884999999999994,1.1862099999999995,1.1864999999999994,15280
2026-05-12T14:00:00+00:00,1.1864999999999994,1.1871199999999995,1.1862999999999995,1.1870999999999994,15466
2026-05-12T15:00:00+00:00,1.1870999999999994,1.1871799999999995,1.1856799999999994,1.1867699999999994,12926
2026-05-12T16:00:00+00:00,1.1867699999999994,1.1873699999999994,1.1862799999999996,1.1863299999999994,7938
2026-05-12T17:00:00+00:00,1.1863299999999994,1.1868799999999995,1.1862399999999995,1.1868399999999995,6439
2026-05-12T18:00:00+00:00,1.1868399999999995,1.1876299999999995,1.1863999999999995,1.1875499999999994,6602
2026-05-12T19:00:00+00:00,1.1875499999999994,1.1881799999999993,1.1874799999999994,1.1875299999999995,5573
2026-05-12T20:00:00+00:00,1.1875299999999995,1.1875999999999995,1.1872799999999994,1.1873399999999994,2317
2026-05-12T21:00:00+00:00,1.1873399999999994,1.1874999999999993,1.1866499999999995,1.1871699999999994,1075.8322490147266
2026-05-12T22:00:00+00:00,1.1871699999999994,1.1875299999999995,1.1871699999999994,1.1874399999999994,1002
2026-05-12T23:00:00+00:00,1.1874399999999994,1.1876299999999995,1.1869599999999993,1.1869999999999994,1306
2026-05-13T00:00:00+00:00,1.1869999999999994,1.1873799999999994,1.1867999999999994,1.1873199999999995,5442
2026-05-13T01:00:00+00:00,1.1873199999999995,1.1876799999999994,1.1867099999999995,1.1873799999999994,5090
2026-05-13T02:00:00+00:00,1.1873799999999994,1.1876699999999996,1.1871299999999994,1.1872099999999994,2892
2026-05-13T03:00:00+00:00,1.1872099999999994,1.1872799999999994,1.1867599999999994,1.1869499999999995,3352
2026-05-13T04:00:00+00:00,1.1869499999999995,1.1870199999999995,1.1867299999999994,1.1869699999999994,1819
2026-05-13T05:00:00+00:00,1.1869699999999994,1.1871999999999994,1.1867499999999995,1.1869099999999995,2762
2026-05-13T06:00:00+00:00,1.1869099999999995,1.1869399999999994,1.1852999999999994,1.1854999999999996,6227
2026-05-13T07:00:00+00:00,1.1854999999999996,1.1858299999999995,1.1841999999999995,1.1842099999999995,7329
2026-05-13T08:00:00+00:00,1.1842099999999995,1.1846699999999994,1.1835299999999995,1.1837799999999994,7040
2026-05-13T09:00:00+00:00,1.1837799999999994,1.1841799999999996,1.1830299999999994,1.1841199999999994,6953
2026-05-13T10:00:00+00:00,1.1841199999999994,1.1849599999999993,1.1836899999999995,1.1847799999999995,8408
2026-05-13T11:00:00+00:00,1.1847799999999995,1.1852299999999996,1.1846399999999995,1.1847199999999996,5596
2026-05-13T12:00:00+00:00,1.1847199999999996,1.1851199999999995,1.1831999999999994,1.1836799999999994,10422
2026-05-13T13:00:00+00:00,1.1836799999999994,1.1847399999999995,1.1835999999999995,1.1845299999999994,14032
2026-05-13T14:00:00+00:00,1.1845299999999994,1.1847599999999994,1.1837999999999995,1.1842799999999996,11622
2026-05-13T15:00:00+00:00,1.1842799999999996,1.1851299999999994,1.1842299999999994,1.1846099999999995,9686
2026-05-13T16:00:00+00:00,1.1846099999999995,1.1852899999999995,1.1843099999999995,1.1843699999999995,7344
2026-05-13T17:00:00+00:00,1.1843699999999995,1.1845899999999994,1.1839099999999994,1.1839299999999995,4691
2026-05-13T18:00:00+00:00,1.1839299999999995,1.1845799999999995,1.1839099999999994,1.1842899999999996,6017.97367446832
2026-05-13T19:00:00+00:00,1.1842899999999996,1.1848299999999996,1.1842599999999994,1.1844799999999995,4262
2026-05-13T20:00:00+00:00,1.1844799999999995,1.1849399999999994,1.1844099999999995,1.1844499999999996,2316
2026-05-13T21:00:00+00:00,1.1844499999999996,1.1850899999999995,1.1841999999999995,1.1849199999999995,843.1596407468082
2026-05-13T22:00:00+00:00,1.1849199999999995,1.1853499999999997,1.1848599999999996,1.1852699999999998,1272.7510616774616
2026-05-13T23:00:00+00:00,1.1852699999999998,1.1853399999999998,1.1850499999999997,1.1850999999999998,1432
2026-05-14T00:00:00+00:00,1.1850999999999998,1.1853599999999997,1.1849299999999998,1.1852299999999998,4335
2026-05-14T01:00:00+00:00,1.1852299999999998,1.1852799999999997,1.1847799999999997,1.1848999999999998,4913
2026-05-14T02:00:00+00:00,1.1848999999999998,1.1850499999999997,1.1846799999999997,1.1847499999999997,3987
2026-05-14T03:00:00+00:00,1.1847499999999997,1.1850299999999998,1.1844799999999998,1.1847499999999997,3220
2026-05-14T04:00:00+00:00,1.1847499999999997,1.1852499999999997,1.1846799999999997,1.1849599999999998,3302
2026-05-14T05:00:00+00:00,1.1849599999999998,1.1851399999999996,1.1845299999999996,1.1845399999999997,4395
2026-05-14T06:00:00+00:00,1.1845399999999997,1.1856599999999997,1.1841899999999999,1.1853499999999997,6575
2026-05-14T07:00:00+00:00,1.1853499999999997,1.1853699999999998,1.1841099999999998,1.1842599999999996,8027
2026-05-14T08:00:00+00:00,1.1842599999999996,1.1848999999999998,1.1839899999999997,1.1846199999999998,7162
2026-05-14T09:00:00+00:00,1.1846199999999998,1.1848399999999997,1.1840899999999996,1.1842499999999998,5789
2026-05-14T10:00:00+00:00,1.1842499999999998,1.1847899999999998,1.1839799999999998,1.1843899999999998,6481
2026-05-14T11:00:00+00:00,1.1843899999999998,1.1843999999999997,1.1834599999999997,1.1834699999999998,6225
2026-05-14T12:00:00+00:00,1.1834699999999998,1.1840599999999997,1.1831399999999996,1.1832199999999997,7886
2026-05-14T13:00:00+00:00,1.1832199999999997,1.1834799999999996,1.1820699999999997,1.1824899999999998,14546
2026-05-14T14:00:00+00:00,1.1824899999999998,1.1835299999999997,1.1813699999999998,1.1813799999999997,14053
2026-05-14T15:00:00+00:00,1.1813799999999997,1.1815999999999998,1.1806599999999998,1.1812499999999997,10280
2026-05-14T16:00:00+00:00,1.1812499999999997,1.1816699999999998,1.1805999999999996,1.1811599999999998,9216
2026-05-14T17:00:00+00:00,1.1811599999999998,1.1815899999999997,1.1811099999999997,1.1813099999999996,6845
2026-05-14T18:00:00+00:00,1.1813099999999996,1.1813699999999998,1.1808999999999998,1.1812499999999997,5435
2026-05-14T19:00:00+00:00,1.1812499999999997,1.1814199999999997,1.1803699999999997,1.1805999999999996,4883
2026-05-14T20:00:00+00:00,1.1805999999999996,1.1807199999999998,1.1800899999999996,1.1804099999999997,2877
2026-05-14T21:00:00+00:00,1.1804099999999997,1.1808699999999996,1.1800699999999997,1.1804899999999996,864.1432419831058
2026-05-14T22:00:00+00:00,1.1804899999999996,1.1807099999999997,1.1804799999999998,1.1805499999999998,1668
2026-05-14T23:00:00+00:00,1.1805499999999998,1.1805699999999997,1.1797399999999996,1.1797999999999997,2597
2026-05-15T00:00:00+00:00,1.1797999999999997,1.1799599999999997,1.1788299999999996,1.1791399999999996,6955
2026-05-15T01:00:00+00:00,1.1791399999999996,1.1792499999999997,1.1782099999999998,1.1782999999999997,7952
2026-05-15T02:00:00+00:00,1.1782999999999997,1.1793499999999997,1.1781699999999997,1.1789599999999996,5085
2026-05-15T03:00:00+00:00,1.1789599999999996,1.1790999999999996,1.1786099999999997,1.1788099999999997,3654
2026-05-15T04:00:00+00:00,1.1788099999999997,1.1788699999999996,1.1782499999999996,1.1783399999999997,3319
2026-05-15T05:00:00+00:00,1.1783399999999997,1.1784099999999997,1.1768599999999996,1.1768699999999996,8457
2026-05-15T06:00:00+00:00,1.1768699999999996,1.1779499999999996,1.1768499999999997,1.1770999999999996,11111
2026-05-15T07:00:00+00:00,1.1770999999999996,1.1785099999999997,1.1767899999999996,1.1772599999999998,10361
2026-05-15T08:00:00+00:00,1.1772599999999998,1.1774299999999998,1.1766499999999998,1.1769099999999997,9827
2026-05-15T09:00:00+00:00,1.1769099999999997,1.1769599999999996,1.1753299999999998,1.1763999999999997,12029
2026-05-15T10:00:00+00:00,1.1763999999999997,1.1791499999999997,1.1763299999999997,1.1785299999999996,13571
2026-05-15T11:00:00+00:00,1.1785299999999996,1.1786199999999996,1.1765199999999996,1.1767699999999996,9744
2026-05-15T12:00:00+00:00,1.1767699999999996,1.1768199999999998,1.1754899999999997,1.1762299999999997,10651
2026-05-15T13:00:00+00:00,1.1762299999999997,1.1768299999999996,1.1754999999999998,1.1759599999999997,15332
2026-05-15T14:00:00+00:00,1.1759599999999997,1.1773899999999997,1.1757399999999996,1.1765499999999998,17258
2026-05-15T15:00:00+00:00,1.1765499999999998,1.1767099999999997,1.1756699999999998,1.1762399999999997,12601
2026-05-15T16:00:00+00:00,1.1762399999999997,1.1767499999999997,1.1759099999999996,1.1765999999999996,7437
2026-05-15T17:00:00+00:00,1.1765999999999996,1.1771699999999996,1.1762699999999997,1.1762999999999997,6531
2026-05-15T18:00:00+00:00,1.1762999999999997,1.1763399999999997,1.1752899999999997,1.1757999999999997,7082
2026-05-15T19:00:00+00:00,1.1757999999999997,1.1759199999999996,1.1755299999999997,1.1757399999999996,4763
2026-05-15T20:00:00+00:00,1.1757399999999996,1.1761799999999996,1.1755299999999997,1.1760999999999997,3202.9418752651677
2026-05-17T21:00:00+00:00,1.1760999999999997,1.1763999999999994,1.1757899999999997,1.1763199999999994,420.53168361594476
2026-05-17T22:00:00+00:00,1.1763199999999994,1.1767399999999995,1.1762599999999994,1.1765999999999994,1748
2026-05-17T23:00:00+00:00,1.1765999999999994,1.1766599999999994,1.1754899999999995,1.1756799999999994,3945
2026-05-18T00:00:00+00:00,1.1756799999999994,1.1764199999999994,1.1751499999999995,1.1754799999999994,9815
2026-05-18T01:00:00+00:00,1.1754799999999994,1.1761999999999995,1.1751599999999995,1.1760699999999995,8633
2026-05-18T02:00:00+00:00,1.1760699999999995,1.1762699999999995,1.1756199999999994,1.1758699999999995,5175
2026-05-18T03:00:00+00:00,1.1758699999999995,1.1765799999999995,1.1758499999999994,1.1765099999999995,4331
2026-05-18T04:00:00+00:00,1.1765099999999995,1.1769299999999994,1.1762199999999994,1.1763899999999994,3903
2026-05-18T05:00:00+00:00,1.1763899999999994,1.1766399999999995,1.1760099999999993,1.1766299999999994,5866
2026-05-18T06:00:00+00:00,1.1766299999999994,1.1779699999999995,1.1765099999999995,1.1778899999999994,8444
2026-05-18T07:00:00+00:00,1.1778899999999994,1.1783199999999994,1.1774699999999994,1.1775199999999995,9493
2026-05-18T08:00:00+00:00,1.1775199999999995,1.1788299999999994,1.1772199999999995,1.1784599999999994,8220
2026-05-18T09:00:00+00:00,1.1784599999999994,1.1785899999999994,1.1778299999999995,1.1778299999999995,6378
2026-05-18T10:00:00+00:00,1.1778299999999995,1.1779999999999995,1.1769599999999993,1.1770199999999995,5805
2026-05-18T11:00:00+00:00,1.1770199999999995,1.1792899999999995,1.1769799999999995,1.1784899999999994,12760
2026-05-18T12:00:00+00:00,1.1784899999999994,1.1800399999999995,1.1784099999999995,1.1794499999999994,13594
2026-05-18T13:00:00+00:00,1.1794499999999994,1.1799199999999994,1.1787099999999995,1.1794299999999995,15436
2026-05-18T14:00:00+00:00,1.1794299999999995,1.1796399999999994,1.1784499999999996,1.1785099999999995,15878
2026-05-18T15:00:00+00:00,1.1785099999999995,1.1796199999999994,1.1776499999999994,1.1791599999999995,15741
2026-05-18T16:00:00+00:00,1.1791599999999995,1.1799399999999995,1.1787199999999995,1.1794699999999994,11149
2026-05-18T17:00:00+00:00,1.1794699999999994,1.1796699999999996,1.1791199999999995,1.1791199999999995,6659
2026-05-18T18:00:00+00:00,1.1791199999999995,1.1792099999999994,1.1771899999999995,1.1772399999999994,9119
2026-05-18T19:00:00+00:00,1.1772399999999994,1.1799199999999994,1.1772399999999994,1.1794199999999995,15240
2026-05-18T20:00:00+00:00,1.1794199999999995,1.1803999999999994,1.1794199999999995,1.1798799999999994,3560
2026-05-18T21:00:00+00:00,1.1798799999999994,1.1803299999999997,1.1792599999999995,1.1802299999999997,1204.4416894000406
2026-05-18T22:00:00+00:00,1.1802299999999997,1.1804899999999996,1.1800899999999996,1.1801099999999998,1356
2026-05-18T23:00:00+00:00,1.1801099999999998,1.1801599999999997,1.1797899999999997,1.1797999999999997,2030
2026-05-19T00:00:00+00:00,1.1797999999999997,1.1799199999999996,1.1786899999999996,1.1787699999999997,7991
2026-05-19T01:00:00+00:00,1.1787699999999997,1.1795899999999997,1.1786199999999996,1.1789499999999997,7207
2026-05-19T02:00:00+00:00,1.1789499999999997,1.1790199999999997,1.1783999999999997,1.1786499999999998,6131
2026-05-19T03:00:00+00:00,1.1786499999999998,1.1788899999999998,1.1783899999999998,1.1784199999999996,4394
2026-05-19T04:00:00+00:00,1.1784199999999996,1.1786299999999996,1.1778499999999996,1.1779699999999997,3885
2026-05-19T05:00:00+00:00,1.1779699999999997,1.1786099999999997,1.1776699999999998,1.1784999999999999,5106
2026-05-19T06:00:00+00:00,1.1784999999999999,1.1788899999999998,1.1778899999999999,1.1779699999999997,7776
2026-05-19T07:00:00+00:00,1.1779699999999997,1.1780799999999998,1.1773199999999997,1.1778099999999998,8462
2026-05-19T08:00:00+00:00,1.1778099999999998,1.1779199999999996,1.1765599999999996,1.1766699999999997,9255
2026-05-19T09:00:00+00:00,1.1766699999999997,1.1766799999999995,1.1758299999999995,1.1762899999999996,8674
2026-05-19T10:00:00+00:00,1.1762899999999996,1.1770099999999997,1.1754499999999997,1.1765499999999995,10126
2026-05-19T11:00:00+00:00,1.1765499999999995,1.1765899999999996,1.1759799999999996,1.1759899999999996,8328
2026-05-19T12:00:00+00:00,1.1759899999999996,1.1767299999999996,1.1758599999999997,1.1759999999999997,11593
2026-05-19T13:00:00+00:00,1.1759999999999997,1.1761399999999997,1.1745099999999997,1.1757099999999996,18010
2026-05-19T14:00:00+00:00,1.1757099999999996,1.1760299999999997,1.1738299999999997,1.1738999999999997,19075
2026-05-19T15:00:00+00:00,1.1738999999999997,1.1746399999999997,1.1735599999999997,1.1745399999999997,11707
2026-05-19T16:00:00+00:00,1.1745399999999997,1.1752799999999997,1.1739199999999996,1.1750399999999996,9237
2026-05-19T17:00:00+00:00,1.1750399999999996,1.1755699999999996,1.1750199999999997,1.1754099999999996,6165
2026-05-19T18:00:00+00:00,1.1754099999999996,1.1758199999999996,1.1746099999999997,1.1746799999999997,7149
2026-05-19T19:00:00+00:00,1.1746799999999997,1.1751499999999997,1.1745999999999996,1.1749699999999996,5969
2026-05-19T20:00:00+00:00,1.1749699999999996,1.1750299999999996,1.1746899999999996,1.1748199999999995,2381
2026-05-19T21:00:00+00:00,1.1748199999999995,1.1749599999999998,1.1742899999999998,1.1748099999999997,810.6310324707127
2026-05-19T22:00:00+00:00,1.1748099999999997,1.1750799999999997,1.1746999999999999,1.1750699999999998,1319
2026-05-19T23:00:00+00:00,1.1750699999999998,1.1754699999999998,1.1748099999999997,1.1748599999999998,1919.6675358539765
2026-05-20T00:00:00+00:00,1.1748599999999998,1.1752499999999997,1.1742599999999996,1.1743099999999997,9186
2026-05-20T01:00:00+00:00,1.1743099999999997,1.1744599999999996,1.1735499999999996,1.1738999999999997,8738
2026-05-20T02:00:00+00:00,1.1738999999999997,1.1744699999999997,1.1736299999999997,1.1739599999999997,6755
2026-05-20T03:00:00+00:00,1.1739599999999997,1.1747299999999996,1.1737099999999998,1.1744099999999997,5359
2026-05-20T04:00:00+00:00,1.1744099999999997,1.1748499999999997,1.1738799999999998,1.1739099999999998,4560
2026-05-20T05:00:00+00:00,1.1739099999999998,1.1743299999999997,1.1733599999999997,1.1737099999999998,5836
2026-05-20T06:00:00+00:00,1.1737099999999998,1.1747799999999997,1.1734999999999998,1.1738299999999997,8355
2026-05-20T07:00:00+00:00,1.1738299999999997,1.1743299999999997,1.1733899999999997,1.1735099999999996,7370
2026-05-20T08:00:00+00:00,1.1735099999999996,1.1736899999999997,1.1725499999999998,1.1732299999999998,8891
2026-05-20T09:00:00+00:00,1.1732299999999998,1.1736299999999997,1.1729999999999996,1.1729999999999996,5357
2026-05-20T10:00:00+00:00,1.1729999999999996,1.1744699999999997,1.1729299999999998,1.1742899999999996,5898
2026-05-20T11:00:00+00:00,1.1742899999999996,1.1747399999999997,1.1738099999999998,1.1742799999999998,6421
2026-05-20T12:00:00+00:00,1.1742799999999998,1.1746099999999997,1.1735699999999998,1.1737199999999997,7747
2026-05-20T13:00:00+00:00,1.1737199999999997,1.1738699999999997,1.1730899999999997,1.1732799999999997,9491
2026-05-20T14:00:00+00:00,1.1732799999999997,1.1765799999999997,1.1724599999999996,1.1759799999999998,27230
2026-05-20T15:00:00+00:00,1.1759799999999998,1.1786699999999997,1.1754799999999996,1.1760999999999997,21717
2026-05-20T16:00:00+00:00,1.1760999999999997,1.1772599999999998,1.1760699999999997,1.1767299999999996,12537
2026-05-20T17:00:00+00:00,1.1767299999999996,1.1768799999999997,1.1759299999999997,1.1759699999999997,9502
2026-05-20T18:00:00+00:00,1.1759699999999997,1.1777599999999997,1.1757699999999998,1.1772699999999996,7351
2026-05-20T19:00:00+00:00,1.1772699999999996,1.1777099999999998,1.1769499999999997,1.1769799999999997,5559
2026-05-20T20:00:00+00:00,1.1769799999999997,1.1770299999999998,1.1765099999999997,1.1765399999999997,4027
2026-05-20T21:00:00+00:00,1.1765399999999997,1.1766999999999996,1.1760299999999997,1.1765699999999997,1590.743724047431
2026-05-20T22:00:00+00:00,1.1765699999999997,1.1769599999999996,1.1765399999999997,1.1767999999999996,1394
2026-05-20T23:00:00+00:00,1.1767999999999996,1.1769199999999997,1.1764699999999997,1.1766499999999995,1580
2026-05-21T00:00:00+00:00,1.1766499999999995,1.1770799999999997,1.1764099999999997,1.1770199999999997,5488
2026-05-21T01:00:00+00:00,1.1770199999999997,1.1776999999999997,1.1764499999999996,1.1767799999999997,6034
2026-05-21T02:00:00+00:00,1.1767799999999997,1.1770199999999997,1.1757399999999996,1.1759299999999997,4799
2026-05-21T03:00:00+00:00,1.1759299999999997,1.1764299999999996,1.1759199999999996,1.1760699999999997,3171
2026-05-21T04:00:00+00:00,1.1760699999999997,1.1765199999999996,1.1760099999999996,1.1763899999999996,5141
2026-05-21T05:00:00+00:00,1.1763899999999996,1.1765199999999996,1.1759599999999997,1.1763599999999996,5784
2026-05-21T06:00:00+00:00,1.1763599999999996,1.1768299999999996,1.1757399999999996,1.1761899999999996,6746
2026-05-21T07:00:00+00:00,1.1761899999999996,1.1762799999999995,1.1735799999999996,1.1749199999999997,16537
2026-05-21T08:00:00+00:00,1.1749199999999997,1.1777099999999996,1.1747899999999996,1.1765399999999997,15037
2026-05-21T09:00:00+00:00,1.1765399999999997,1.1775199999999997,1.1762399999999997,1.1769099999999997,8038
2026-05-21T10:00:00+00:00,1.1769099999999997,1.1771999999999996,1.1741699999999997,1.1749099999999997,14206
2026-05-21T11:00:00+00:00,1.1749099999999997,1.1757699999999995,1.1737799999999996,1.1740699999999997,9531
2026-05-21T12:00:00+00:00,1.1740699999999997,1.1750799999999997,1.1735199999999997,1.1738999999999997,12217
2026-05-21T13:00:00+00:00,1.1738999999999997,1.1742599999999996,1.1717999999999997,1.1736299999999997,16177
2026-05-21T14:00:00+00:00,1.1736299999999997,1.1738299999999997,1.1725999999999996,1.1734599999999997,16735
2026-05-21T15:00:00+00:00,1.1734599999999997,1.1735699999999996,1.1723999999999997,1.1730099999999997,13690
2026-05-21T16:00:00+00:00,1.1730099999999997,1.1738099999999996,1.1726299999999996,1.1736999999999997,9544
2026-05-21T17:00:00+00:00,1.1736999999999997,1.1771799999999997,1.1734599999999997,1.1766499999999995,20533
2026-05-21T18:00:00+00:00,1.1766499999999995,1.1771799999999997,1.1748999999999996,1.1753099999999996,15059
2026-05-21T19:00:00+00:00,1.1753099999999996,1.1765899999999996,1.1751499999999997,1.1762999999999997,9465
2026-05-21T20:00:00+00:00,1.1762999999999997,1.1764599999999996,1.1757799999999996,1.1758599999999997,3069
2026-05-21T21:00:00+00:00,1.1758599999999997,1.1762299999999997,1.1754899999999997,1.1759299999999997,1315
2026-05-21T22:00:00+00:00,1.1759299999999997,1.1761199999999996,1.1757099999999996,1.1759199999999996,1085
2026-05-21T23:00:00+00:00,1.1759199999999996,1.1760799999999996,1.1757699999999995,1.1759599999999997,1208
2026-05-22T00:00:00+00:00,1.1759599999999997,1.1759699999999997,1.1753999999999996,1.1756099999999996,4537
2026-05-22T01:00:00+00:00,1.1756099999999996,1.1757499999999996,1.1751599999999995,1.1751699999999996,4064
2026-05-22T02:00:00+00:00,1.1751699999999996,1.1756099999999996,1.1751399999999996,1.1753499999999997,2641
2026-05-22T03:00:00+00:00,1.1753499999999997,1.1754699999999996,1.1750499999999997,1.1753799999999996,2160
2026-05-22T04:00:00+00:00,1.1753799999999996,1.1757299999999997,1.1753099999999996,1.1756799999999996,1485
2026-05-22T05:00:00+00:00,1.1756799999999996,1.1758699999999995,1.1748799999999997,1.1750899999999995,3768
2026-05-22T06:00:00+00:00,1.1750899999999995,1.1756199999999997,1.1746999999999996,1.1751599999999995,6792
2026-05-22T07:00:00+00:00,1.1751599999999995,1.1751699999999996,1.1742999999999997,1.1749999999999996,6864
2026-05-22T08:00:00+00:00,1.1749999999999996,1.1757499999999996,1.1744999999999997,1.1749599999999996,8400
2026-05-22T09:00:00+00:00,1.1749599999999996,1.1749799999999997,1.1737799999999996,1.1745999999999996,6157
2026-05-22T10:00:00+00:00,1.1745999999999996,1.1749599999999996,1.1736899999999997,1.1739199999999996,5490
2026-05-22T11:00:00+00:00,1.1739199999999996,1.1743899999999996,1.1734999999999995,1.1738299999999997,6125
2026-05-22T12:00:00+00:00,1.1738299999999997,1.1748899999999995,1.1736199999999997,1.1745999999999996,10918
2026-05-22T13:00:00+00:00,1.1745999999999996,1.1760099999999996,1.1740999999999997,1.1745199999999996,13103
2026-05-22T14:00:00+00:00,1.1745199999999996,1.1745499999999995,1.1729999999999996,1.1739499999999996,11775
2026-05-22T15:00:00+00:00,1.1739499999999996,1.1747299999999996,1.1737499999999996,1.1744499999999995,9388
2026-05-22T16:00:00+00:00,1.1744499999999995,1.1752899999999997,1.1741299999999997,1.1752899999999997,6493
2026-05-22T17:00:00+00:00,1.1752899999999997,1.1760799999999996,1.1750399999999996,1.1755099999999996,10001
2026-05-22T18:00:00+00:00,1.1755099999999996,1.1757199999999997,1.1750999999999996,1.1753699999999996,5219
2026-05-22T19:00:00+00:00,1.1753699999999996,1.1755699999999996,1.1746899999999996,1.1747599999999996,3383
2026-05-22T20:00:00+00:00,1.1747599999999996,1.1748399999999997,1.1739999999999997,1.1743499999999996,2751
2026-05-24T21:00:00+00:00,1.1743499999999996,1.1746299999999996,1.1733799999999999,1.17346,1152.1949560992196
2026-05-24T22:00:00+00:00,1.17346,1.17502,1.1734099999999998,1.1748599999999998,3316
2026-05-24T23:00:00+00:00,1.1748599999999998,1.1751899999999997,1.1746899999999998,1.1747599999999998,2568.357852882704
2026-05-25T00:00:00+00:00,1.1747599999999998,1.1754599999999997,1.1740899999999996,1.1742299999999997,6035
2026-05-25T01:00:00+00:00,1.1742299999999997,1.1752599999999997,1.1741199999999998,1.1744599999999998,6130
2026-05-25T02:00:00+00:00,1.1744599999999998,1.1748099999999997,1.1742399999999997,1.1743299999999997,3111
2026-05-25T03:00:00+00:00,1.1743299999999997,1.1745299999999996,1.1741599999999996,1.1742899999999998,3953
2026-05-25T04:00:00+00:00,1.1742899999999998,1.1749299999999998,1.1741299999999997,1.1747699999999996,2869
2026-05-25T05:00:00+00:00,1.1747699999999996,1.1750899999999997,1.1743699999999997,1.1744799999999997,3781
2026-05-25T06:00:00+00:00,1.1744799999999997,1.1750399999999996,1.1743099999999997,1.1746599999999998,5427
2026-05-25T07:00:00+00:00,1.1746599999999998,1.1747599999999998,1.1735199999999997,1.1742999999999997,7685
2026-05-25T08:00:00+00:00,1.1742999999999997,1.1749999999999998,1.1738599999999997,1.1749299999999998,4740
2026-05-25T09:00:00+00:00,1.1749299999999998,1.1750899999999997,1.1745999999999996,1.1747099999999997,3132
2026-05-25T10:00:00+00:00,1.1747099999999997,1.1749999999999998,1.1746999999999996,1.1748499999999997,2947
2026-05-25T11:00:00+00:00,1.1748499999999997,1.1756499999999996,1.1745999999999996,1.1749599999999998,4507
2026-05-25T12:00:00+00:00,1.1749599999999998,1.1758499999999998,1.1748199999999998,1.1753899999999997,5615
2026-05-25T13:00:00+00:00,1.1753899999999997,1.1755399999999998,1.1744399999999997,1.1744399999999997,4758
2026-05-25T14:00:00+00:00,1.1744399999999997,1.1751999999999998,1.1743899999999998,1.1747799999999997,4837
2026-05-25T15:00:00+00:00,1.1747799999999997,1.1754199999999997,1.1745199999999998,1.1747899999999998,5941
2026-05-25T16:00:00+00:00,1.1747899999999998,1.1748299999999998,1.1742299999999997,1.1746699999999997,3469
2026-05-25T17:00:00+00:00,1.1746699999999997,1.1749699999999996,1.1745799999999997,1.1748999999999998,2159
2026-05-25T18:00:00+00:00,1.1748999999999998,1.1749499999999997,1.1747099999999997,1.1749099999999997,1720
2026-05-25T19:00:00+00:00,1.1749099999999997,1.1749299999999998,1.1747499999999997,1.1747799999999997,1571
2026-05-25T20:00:00+00:00,1.1747799999999997,1.1749299999999998,1.1745799999999997,1.1745799999999997,2107
2026-05-25T21:00:00+00:00,1.1745799999999997,1.17499,1.1742199999999998,1.1745999999999999,1414.695551943486
2026-05-25T22:00:00+00:00,1.1745999999999999,1.175,1.17459,1.1748399999999999,1537
2026-05-25T23:00:00+00:00,1.1748399999999999,1.17508,1.17432,1.17435,1901
2026-05-26T00:00:00+00:00,1.17435,1.17474,1.1741599999999999,1.17464,5902
2026-05-26T01:00:00+00:00,1.17464,1.17474,1.17379,1.17415,5275
2026-05-26T02:00:00+00:00,1.17415,1.17428,1.1738899999999999,1.1741599999999999,3251
2026-05-26T03:00:00+00:00,1.1741599999999999,1.17449,1.17414,1.17435,2093
2026-05-26T04:00:00+00:00,1.17435,1.1743599999999998,1.17371,1.17374,2219.244749240379
2026-05-26T05:00:00+00:00,1.17374,1.17385,1.17351,1.17358,3269
2026-05-26T06:00:00+00:00,1.17358,1.17453,1.17349,1.17429,5982
2026-05-26T07:00:00+00:00,1.17429,1.17481,1.17317,1.17448,8358
2026-05-26T08:00:00+00:00,1.17448,1.17498,1.17421,1.17441,6371
2026-05-26T09:00:00+00:00,1.17441,1.17518,1.17403,1.17504,5873
2026-05-26T10:00:00+00:00,1.17504,1.17529,1.17454,1.17493,6373
2026-05-26T11:00:00+00:00,1.17493,1.17526,1.17412,1.17425,6797
2026-05-26T12:00:00+00:00,1.17425,1.17443,1.17389,1.17397,6529
2026-05-26T13:00:00+00:00,1.17397,1.17408,1.17249,1.17335,10265
2026-05-26T14:00:00+00:00,1.17335,1.17375,1.17291,1.17327,11102
2026-05-26T15:00:00+00:00,1.17327,1.17336,1.17241,1.17271,12448
2026-05-26T16:00:00+00:00,1.17271,1.17374,1.17271,1.17317,6785
2026-05-26T17:00:00+00:00,1.17317,1.17355,1.1729,1.1731800000000001,6091
2026-05-26T18:00:00+00:00,1.1731800000000001,1.17388,1.17311,1.17373,3887
2026-05-26T19:00:00+00:00,1.17373,1.17404,1.17351,1.17397,3120
2026-05-26T20:00:00+00:00,1.17397,1.17407,1.1735,1.1735,1826
2026-05-26T21:00:00+00:00,1.1735,1.17392,1.17313,1.17362,2632
2026-05-26T22:00:00+00:00,1.17362,1.17414,1.17362,1.1741,957
2026-05-26T23:00:00+00:00,1.1741,1.17476,1.17407,1.17442,1117
2026-05-27T00:00:00+00:00,1.17442,1.17484,1.17436,1.17458,4644
2026-05-27T01:00:00+00:00,1.17458,1.17471,1.17405,1.17416,4193
2026-05-27T02:00:00+00:00,1.17416,1.17462,1.17415,1.17461,4034
2026-05-27T03:00:00+00:00,1.17461,1.17503,1.17445,1.17465,2984
2026-05-27T04:00:00+00:00,1.17465,1.17501,1.1746,1.17491,2479
2026-05-27T05:00:00+00:00,1.17491,1.17522,1.17464,1.17474,3984
2026-05-27T06:00:00+00:00,1.17474,1.1757,1.17451,1.17532,6158
2026-05-27T07:00:00+00:00,1.17532,1.17566,1.17479,1.17484,6572
2026-05-27T08:00:00+00:00,1.17484,1.1755,1.1746,1.17527,6635
2026-05-27T09:00:00+00:00,1.17527,1.17563,1.17502,1.17523,4668
2026-05-27T10:00:00+00:00,1.17523,1.17524,1.17437,1.17468,5310
2026-05-27T11:00:00+00:00,1.17468,1.17497,1.17407,1.17455,6478
2026-05-27T12:00:00+00:00,1.17455,1.17691,1.17422,1.17515,21548
2026-05-27T13:00:00+00:00,1.17515,1.17557,1.17454,1.1749,15844
2026-05-27T14:00:00+00:00,1.1749,1.176,1.17325,1.17333,21129
2026-05-27T15:00:00+00:00,1.17333,1.17441,1.17302,1.1737900000000001,14073
2026-05-27T16:00:00+00:00,1.1737900000000001,1.17406,1.17317,1.174,8266
2026-05-27T17:00:00+00:00,1.174,1.17407,1.17299,1.17351,9506
2026-05-27T18:00:00+00:00,1.17351,1.17381,1.17303,1.17372,6975
2026-05-27T19:00:00+00:00,1.17372,1.17398,1.17345,1.17365,3673
2026-05-27T20:00:00+00:00,1.17365,1.17385,1.17332,1.17332,2076
2026-05-27T21:00:00+00:00,1.17332,1.17377,1.17301,1.17352,1384
2026-05-27T22:00:00+00:00,1.17352,1.17381,1.17336,1.17337,1413
2026-05-27T23:00:00+00:00,1.17337,1.17364,1.17237,1.17252,2627
2026-05-28T00:00:00+00:00,1.17252,1.17312,1.17243,1.17283,5970
2026-05-28T01:00:00+00:00,1.17283,1.1729,1.1717,1.17178,4748
2026-05-28T02:00:00+00:00,1.17178,1.17229,1.17172,1.17204,3693
2026-05-28T03:00:00+00:00,1.17204,1.17215,1.16947,1.16948,7363.412206988059
2026-05-28T04:00:00+00:00,1.16948,1.17004,1.1694,1.16995,5247
2026-05-28T05:00:00+00:00,1.16995,1.17099,1.16968,1.17071,5256
2026-05-28T06:00:00+00:00,1.17071,1.17199,1.17064,1.17179,6203
2026-05-28T07:00:00+00:00,1.17179,1.17254,1.17177,1.17196,7670
2026-05-28T08:00:00+00:00,1.17196,1.17246,1.17144,1.17234,6515
2026-05-28T09:00:00+00:00,1.17234,1.17269,1.17207,1.17208,5572
2026-05-28T10:00:00+00:00,1.17208,1.17233,1.17113,1.17113,6678
2026-05-28T11:00:00+00:00,1.17113,1.17306,1.1711,1.17247,6753
2026-05-28T12:00:00+00:00,1.17247,1.17458,1.17233,1.17443,11653
2026-05-28T13:00:00+00:00,1.17443,1.17509,1.17369,1.17384,11559
2026-05-28T14:00:00+00:00,1.17384,1.17656,1.17347,1.17556,27625
2026-05-28T15:00:00+00:00,1.17556,1.17646,1.17553,1.17558,11596
2026-05-28T16:00:00+00:00,1.17558,1.17691,1.1753,1.17645,12039
2026-05-28T17:00:00+00:00,1.17645,1.17651,1.17585,1.17612,6254
2026-05-28T18:00:00+00:00,1.17612,1.17631,1.17543,1.17557,8851
2026-05-28T19:00:00+00:00,1.17557,1.17593,1.17541,1.17554,5272
2026-05-28T20:00:00+00:00,1.17554,1.17581,1.17527,1.1758,2277
2026-05-28T21:00:00+00:00,1.1758,1.17603,1.17539,1.17577,1690.7258432517729
2026-05-28T22:00:00+00:00,1.17577,1.17596,1.17576,1.17579,1031.1491372843211
2026-05-28T23:00:00+00:00,1.17579,1.17609,1.17579,1.17603,1497
2026-05-29T00:00:00+00:00,1.17603,1.17633,1.17551,1.17565,4280
2026-05-29T01:00:00+00:00,1.17565,1.17642,1.17511,1.17523,5674
2026-05-29T02:00:00+00:00,1.17523,1.1757,1.17513,1.17526,3186
2026-05-29T03:00:00+00:00,1.17526,1.17528,1.17437,1.1745,3850
2026-05-29T04:00:00+00:00,1.1745,1.1747,1.1742,1.17468,3024
2026-05-29T05:00:00+00:00,1.17468,1.17513,1.17458,1.17498,3167
2026-05-29T06:00:00+00:00,1.17498,1.17622,1.17498,1.17611,6572
2026-05-29T07:00:00+00:00,1.17611,1.17611,1.17455,1.17496,7761
2026-05-29T08:00:00+00:00,1.17496,1.17496,1.17326,1.17359,8661
2026-05-29T09:00:00+00:00,1.17359,1.17505,1.17344,1.17493,7429
2026-05-29T10:00:00+00:00,1.17493,1.17529,1.17456,1.17508,5852
2026-05-29T11:00:00+00:00,1.17508,1.1756,1.17476,1.17554,6481
2026-05-29T12:00:00+00:00,1.17554,1.17568,1.1749,1.17567,7297
2026-05-29T13:00:00+00:00,1.17567,1.17608,1.17527,1.1755,9448
2026-05-29T14:00:00+00:00,1.1755,1.17822,1.17481,1.17763,18312
2026-05-29T15:00:00+00:00,1.17763,1.17935,1.17749,1.17858,17923
2026-05-29T16:00:00+00:00,1.17858,1.1787,1.17743,1.17798,12228
2026-05-29T17:00:00+00:00,1.17798,1.1781,1.17698,1.177,6106
2026-05-29T18:00:00+00:00,1.177,1.17764,1.17681,1.1772,6371
2026-05-29T19:00:00+00:00,1.1772,1.17773,1.17714,1.17723,4560
2026-05-29T20:00:00+00:00,1.17723,1.17726,1.17653,1.17657,3358
2026-05-31T21:00:00+00:00,1.17657,1.1776100000000003,1.17653,1.1773500000000003,494.95846894960147
2026-05-31T22:00:00+00:00,1.1773500000000003,1.1774700000000002,1.1767800000000004,1.1771000000000003,2896
2026-05-31T23:00:00+00:00,1.1771000000000003,1.1772300000000002,1.1765100000000004,1.1765200000000002,4822
2026-06-01T00:00:00+00:00,1.1765200000000002,1.1770500000000004,1.1761600000000003,1.1764300000000003,7428
2026-06-01T01:00:00+00:00,1.1764300000000003,1.1764900000000003,1.1758600000000003,1.1761500000000003,4560
2026-06-01T02:00:00+00:00,1.1761500000000003,1.1763700000000004,1.1760300000000004,1.1763200000000003,2843
2026-06-01T03:00:00+00:00,1.1763200000000003,1.1765700000000003,1.1758300000000004,1.1760400000000002,3590
2026-06-01T04:00:00+00:00,1.1760400000000002,1.1765200000000002,1.1759900000000003,1.1764800000000002,2279
2026-06-01T05:00:00+00:00,1.1764800000000002,1.1770100000000003,1.1764400000000004,1.1767900000000002,3429
2026-06-01T06:00:00+00:00,1.1767900000000002,1.1781400000000002,1.1766800000000002,1.1781300000000003,9275
2026-06-01T07:00:00+00:00,1.1781300000000003,1.1781300000000003,1.1768400000000003,1.1773200000000004,7177
2026-06-01T08:00:00+00:00,1.1773200000000004,1.1776800000000003,1.1770000000000003,1.1774400000000003,5999
2026-06-01T09:00:00+00:00,1.1774400000000003,1.1777300000000004,1.1764900000000003,1.1767500000000002,6302
2026-06-01T10:00:00+00:00,1.1767500000000002,1.1767800000000004,1.1762700000000004,1.1764100000000002,4776
2026-06-01T11:00:00+00:00,1.1764100000000002,1.1764800000000002,1.1758300000000004,1.1762900000000003,5122
2026-06-01T12:00:00+00:00,1.1762900000000003,1.1767100000000004,1.1761800000000002,1.1764000000000003,7241
2026-06-01T13:00:00+00:00,1.1764000000000003,1.1764900000000003,1.1726700000000003,1.1726900000000002,23099
2026-06-01T14:00:00+00:00,1.1726900000000002,1.1735000000000002,1.1723100000000002,1.1734100000000003,17404
2026-06-01T15:00:00+00:00,1.1734100000000003,1.1745400000000004,1.1731700000000003,1.1739700000000002,16120
2026-06-01T16:00:00+00:00,1.1739700000000002,1.1747100000000004,1.1733000000000002,1.1746400000000004,10891
2026-06-01T17:00:00+00:00,1.1746400000000004,1.1754600000000002,1.1741800000000002,1.1751500000000004,9902
2026-06-01T18:00:00+00:00,1.1751500000000004,1.1752000000000002,1.1747200000000002,1.1747400000000003,4241
2026-06-01T19:00:00+00:00,1.1747400000000003,1.1750400000000003,1.1743200000000003,1.1748300000000003,5455
2026-06-01T20:00:00+00:00,1.1748300000000003,1.1750500000000004,1.1747200000000002,1.1748300000000003,2179
2026-06-01T21:00:00+00:00,1.1748300000000003,1.1751300000000002,1.1743400000000004,1.1749500000000004,1158.23808188121
2026-06-01T22:00:00+00:00,1.1749500000000004,1.1751300000000002,1.1749000000000003,1.1750600000000002,964.0230020642878
2026-06-01T23:00:00+00:00,1.1750600000000002,1.1752800000000003,1.1749500000000004,1.1752000000000002,1339
2026-06-02T00:00:00+00:00,1.1752000000000002,1.1752200000000004,1.1745900000000002,1.1748000000000003,4265
2026-06-02T01:00:00+00:00,1.1748000000000003,1.1753600000000002,1.1745200000000002,1.1747200000000002,4435
2026-06-02T02:00:00+00:00,1.1747200000000002,1.1751200000000004,1.1746900000000002,1.1747500000000002,2549
2026-06-02T03:00:00+00:00,1.1747500000000002,1.1751900000000002,1.1747500000000002,1.1750800000000003,2419
2026-06-02T04:00:00+00:00,1.1750800000000003,1.1755400000000003,1.1750800000000003,1.1754400000000003,2356
2026-06-02T05:00:00+00:00,1.1754400000000003,1.1756300000000002,1.1752900000000004,1.1753800000000003,2431
2026-06-02T06:00:00+00:00,1.1753800000000003,1.1768900000000002,1.1753800000000003,1.1767000000000003,7780
2026-06-02T07:00:00+00:00,1.1767000000000003,1.1767400000000003,1.1761500000000003,1.1765200000000002,6498
2026-06-02T08:00:00+00:00,1.1765200000000002,1.1769200000000002,1.1758700000000002,1.1760200000000003,5854
2026-06-02T09:00:00+00:00,1.1760200000000003,1.1761500000000003,1.1756800000000003,1.1759800000000002,5241
2026-06-02T10:00:00+00:00,1.1759800000000002,1.1762800000000002,1.1755000000000002,1.1760400000000002,4661
2026-06-02T11:00:00+00:00,1.1760400000000002,1.1769400000000003,1.1760300000000004,1.1766200000000002,5147
2026-06-02T12:00:00+00:00,1.1766200000000002,1.1772300000000002,1.1764000000000003,1.1767200000000002,7027
2026-06-02T13:00:00+00:00,1.1767200000000002,1.1769000000000003,1.1756200000000003,1.1759600000000003,9851
2026-06-02T14:00:00+00:00,1.1759600000000003,1.1766500000000002,1.1752800000000003,1.1760300000000004,10150
2026-06-02T15:00:00+00:00,1.1760300000000004,1.1761800000000002,1.1752100000000003,1.1757200000000003,11875
2026-06-02T16:00:00+00:00,1.1757200000000003,1.1757800000000003,1.1743500000000002,1.1745000000000003,6133
2026-06-02T17:00:00+00:00,1.1745000000000003,1.1746400000000004,1.1736800000000003,1.1738100000000002,4600
2026-06-02T18:00:00+00:00,1.1738100000000002,1.1746700000000003,1.1730100000000003,1.1745100000000004,5330
2026-06-02T19:00:00+00:00,1.1745100000000004,1.1749700000000003,1.1745100000000004,1.1749000000000003,3501
2026-06-02T20:00:00+00:00,1.1749000000000003,1.1751400000000003,1.1746500000000002,1.1748300000000003,2257
2026-06-02T21:00:00+00:00,1.1748300000000003,1.1750500000000001,1.1743100000000002,1.1747100000000001,820.3857928505959
2026-06-02T22:00:00+00:00,1.1747100000000001,1.1748600000000002,1.1744700000000001,1.1745100000000002,1363
2026-06-02T23:00:00+00:00,1.1745100000000002,1.1745900000000002,1.17382,1.1739700000000002,3196
2026-06-03T00:00:00+00:00,1.1739700000000002,1.1749300000000003,1.17389,1.1747500000000002,4100
2026-06-03T01:00:00+00:00,1.1747500000000002,1.17521,1.1744800000000002,1.1748100000000001,4526
2026-06-03T02:00:00+00:00,1.1748100000000001,1.1750500000000001,1.17433,1.17467,3093
2026-06-03T03:00:00+00:00,1.17467,1.1748100000000001,1.1744800000000002,1.1745900000000002,2415
2026-06-03T04:00:00+00:00,1.1745900000000002,1.1746600000000003,1.1742900000000003,1.1744100000000002,1934
2026-06-03T05:00:00+00:00,1.1744100000000002,1.1745700000000001,1.17372,1.17372,3161
2026-06-03T06:00:00+00:00,1.17372,1.1740900000000003,1.1730900000000002,1.1734900000000001,8255
2026-06-03T07:00:00+00:00,1.1734900000000001,1.1742900000000003,1.1731400000000003,1.1734600000000002,9077
2026-06-03T08:00:00+00:00,1.1734600000000002,1.1735400000000002,1.1723600000000003,1.1726600000000003,8022
2026-06-03T09:00:00+00:00,1.1726600000000003,1.17345,1.1726400000000001,1.17321,6245
2026-06-03T10:00:00+00:00,1.17321,1.1741500000000002,1.1731300000000002,1.1734800000000003,8458
2026-06-03T11:00:00+00:00,1.1734800000000003,1.1741200000000003,1.1733900000000002,1.1736400000000002,5404
2026-06-03T12:00:00+00:00,1.1736400000000002,1.1737100000000003,1.1715100000000003,1.1719100000000002,9227
2026-06-03T13:00:00+00:00,1.1719100000000002,1.1724900000000003,1.1715900000000001,1.1721200000000003,11511
2026-06-03T14:00:00+00:00,1.1721200000000003,1.1730900000000002,1.1713300000000002,1.1730900000000002,16265
2026-06-03T15:00:00+00:00,1.1730900000000002,1.1731500000000001,1.1720900000000003,1.17233,12525
2026-06-03T16:00:00+00:00,1.17233,1.1723600000000003,1.1713700000000002,1.1718800000000003,8249
2026-06-03T17:00:00+00:00,1.1718800000000003,1.1722200000000003,1.1715400000000002,1.1716900000000001,4392
2026-06-03T18:00:00+00:00,1.1716900000000001,1.17185,1.1713600000000002,1.1717,3876.1873872670185
2026-06-03T19:00:00+00:00,1.1717,1.17197,1.17158,1.17167,4162
2026-06-03T20:00:00+00:00,1.17167,1.1719300000000001,1.17157,1.17161,2371
2026-06-03T21:00:00+00:00,1.17161,1.1718899999999999,1.1714,1.1716899999999997,1275.2751384639632
2026-06-03T22:00:00+00:00,1.1716899999999997,1.1731599999999993,1.1713799999999996,1.1725099999999993,2677.646651744131
2026-06-03T23:00:00+00:00,1.1725099999999993,1.1730199999999993,1.1720699999999993,1.1728299999999994,2968
2026-06-04T00:00:00+00:00,1.1728299999999994,1.1731899999999993,1.1724799999999993,1.1725899999999994,5997
2026-06-04T01:00:00+00:00,1.1725899999999994,1.1729499999999995,1.1723199999999994,1.1728899999999993,4565
2026-06-04T02:00:00+00:00,1.1728899999999993,1.1730599999999993,1.1725599999999994,1.1729399999999994,3427
2026-06-04T03:00:00+00:00,1.1729399999999994,1.1729399999999994,1.1721899999999994,1.1725299999999994,2782
2026-06-04T04:00:00+00:00,1.1725299999999994,1.1732299999999993,1.1723299999999994,1.1729099999999995,3185
2026-06-04T05:00:00+00:00,1.1729099999999995,1.1729799999999995,1.1724599999999994,1.1729099999999995,3756
2026-06-04T06:00:00+00:00,1.1729099999999995,1.1734299999999993,1.1726499999999993,1.1730099999999994,6839
2026-06-04T07:00:00+00:00,1.1730099999999994,1.1732099999999994,1.1717799999999994,1.1723299999999994,7360
2026-06-04T08:00:00+00:00,1.1723299999999994,1.1733399999999994,1.1722899999999994,1.1732499999999995,7804
2026-06-04T09:00:00+00:00,1.1732499999999995,1.1747799999999995,1.1732399999999994,1.1745099999999993,8416
2026-06-04T10:00:00+00:00,1.1745099999999993,1.1753499999999995,1.1744499999999993,1.1749799999999995,7139
2026-06-04T11:00:00+00:00,1.1749799999999995,1.1764799999999993,1.1749699999999994,1.1761099999999993,10382
2026-06-04T12:00:00+00:00,1.1761099999999993,1.1764599999999994,1.1753699999999994,1.1756199999999994,10544
2026-06-04T13:00:00+00:00,1.1756199999999994,1.1759299999999995,1.1753299999999993,1.1755399999999994,14990
2026-06-04T14:00:00+00:00,1.1755399999999994,1.1759199999999994,1.1748399999999994,1.1749899999999993,8555
2026-06-04T15:00:00+00:00,1.1749899999999993,1.1750899999999993,1.1741699999999995,1.1747599999999994,7791
2026-06-04T16:00:00+00:00,1.1747599999999994,1.1749099999999995,1.1742499999999993,1.1742699999999995,5506
2026-06-04T17:00:00+00:00,1.1742699999999995,1.1743299999999994,1.1738799999999994,1.1739999999999995,3581
2026-06-04T18:00:00+00:00,1.1739999999999995,1.1741899999999994,1.1732699999999994,1.1734299999999993,3074
2026-06-04T19:00:00+00:00,1.1734299999999993,1.1735499999999994,1.1729899999999993,1.1731799999999994,3557
2026-06-04T20:00:00+00:00,1.1731799999999994,1.1732899999999993,1.1727299999999994,1.1729599999999993,2032
2026-06-04T21:00:00+00:00,1.1729599999999993,1.1734299999999993,1.1727499999999993,1.1730699999999992,1129.9755481851016
2026-06-04T22:00:00+00:00,1.1730699999999992,1.1732399999999992,1.1729799999999992,1.1730999999999994,728.4261460101868
2026-06-04T23:00:00+00:00,1.1730999999999994,1.1732499999999992,1.1730699999999992,1.1731099999999992,1028.248719408082
2026-06-05T00:00:00+00:00,1.1731099999999992,1.1732899999999993,1.1729699999999992,1.1731599999999993,4540
2026-06-05T01:00:00+00:00,1.1731599999999993,1.1733799999999992,1.1728599999999993,1.1732399999999992,5095
2026-06-05T02:00:00+00:00,1.1732399999999992,1.1735399999999994,1.1731299999999993,1.1732899999999993,3322
2026-06-05T03:00:00+00:00,1.1732899999999993,1.1734499999999992,1.1732399999999992,1.1733599999999993,2892
2026-06-05T04:00:00+00:00,1.1733599999999993,1.1735799999999992,1.1732599999999993,1.1734799999999992,2961
2026-06-05T05:00:00+00:00,1.1734799999999992,1.1738099999999994,1.1733799999999992,1.1734399999999994,2807
2026-06-05T06:00:00+00:00,1.1734399999999994,1.1741599999999992,1.1731799999999992,1.1741099999999993,5856
2026-06-05T07:00:00+00:00,1.1741099999999993,1.1755999999999993,1.1740499999999994,1.1750899999999993,6530
2026-06-05T08:00:00+00:00,1.1750899999999993,1.1758799999999994,1.1750699999999992,1.1755499999999992,6611
2026-06-05T09:00:00+00:00,1.1755499999999992,1.1763199999999994,1.1753499999999992,1.1757499999999992,6532
2026-06-05T10:00:00+00:00,1.1757499999999992,1.1763199999999994,1.1757299999999993,1.1758999999999993,4388
2026-06-05T11:00:00+00:00,1.1758999999999993,1.1760799999999993,1.1753299999999993,1.1760399999999993,5935
2026-06-05T12:00:00+00:00,1.1760399999999993,1.1761799999999993,1.1705099999999993,1.1705399999999992,18935
2026-06-05T13:00:00+00:00,1.1705399999999992,1.1718399999999993,1.1690599999999993,1.1690699999999994,25793
2026-06-05T14:00:00+00:00,1.1690699999999994,1.1699399999999993,1.1668199999999993,1.1677799999999994,20121
2026-06-05T15:00:00+00:00,1.1677799999999994,1.1678899999999992,1.1650299999999993,1.1651399999999992,14177
2026-06-05T16:00:00+00:00,1.1651399999999992,1.1651899999999993,1.1641399999999993,1.1650999999999994,10554
2026-06-05T17:00:00+00:00,1.1650999999999994,1.1651799999999992,1.1638099999999993,1.1643099999999993,8346
2026-06-05T18:00:00+00:00,1.1643099999999993,1.1647899999999993,1.1638299999999993,1.1641899999999992,9621
2026-06-05T19:00:00+00:00,1.1641899999999992,1.1646299999999994,1.1637199999999992,1.1644199999999993,7196
2026-06-05T20:00:00+00:00,1.1644199999999993,1.1644799999999993,1.1636899999999992,1.1639399999999993,4165.47629951912
2026-06-07T21:00:00+00:00,1.1639399999999993,1.1645699999999999,1.1639299999999995,1.1644299999999999,663.0953857591207
2026-06-07T22:00:00+00:00,1.1644299999999999,1.1653799999999999,1.16437,1.16481,4837
2026-06-07T23:00:00+00:00,1.16481,1.1657699999999998,1.16481,1.16569,3616
2026-06-08T00:00:00+00:00,1.16569,1.16685,1.1655699999999998,1.1668299999999998,5673
2026-06-08T01:00:00+00:00,1.1668299999999998,1.1669699999999998,1.1646599999999998,1.1661299999999999,14195
2026-06-08T02:00:00+00:00,1.1661299999999999,1.1666599999999998,1.1655399999999998,1.1663499999999998,7553
2026-06-08T03:00:00+00:00,1.1663499999999998,1.1667399999999999,1.1661,1.1667299999999998,3508
2026-06-08T04:00:00+00:00,1.1667299999999998,1.1668899999999998,1.1664799999999997,1.1666299999999998,3294
2026-06-08T05:00:00+00:00,1.1666299999999998,1.1674799999999999,1.1652699999999998,1.16542,7206
2026-06-08T06:00:00+00:00,1.16542,1.1659799999999998,1.16485,1.16502,10568
2026-06-08T07:00:00+00:00,1.16502,1.1661799999999998,1.1649199999999997,1.16515,11669
2026-06-08T08:00:00+00:00,1.16515,1.16583,1.1642799999999998,1.1643199999999998,11832
2026-06-08T09:00:00+00:00,1.1643199999999998,1.16495,1.1634699999999998,1.1647399999999999,12128
2026-06-08T10:00:00+00:00,1.1647399999999999,1.16671,1.16451,1.1659399999999998,11708
2026-06-08T11:00:00+00:00,1.1659399999999998,1.1678799999999998,1.16583,1.1671599999999998,13864
2026-06-08T12:00:00+00:00,1.1671599999999998,1.16786,1.1670099999999999,1.1676999999999997,10976
2026-06-08T13:00:00+00:00,1.1676999999999997,1.1689599999999998,1.1676299999999997,1.1676399999999998,14415
2026-06-08T14:00:00+00:00,1.1676399999999998,1.1679499999999998,1.1666699999999999,1.1677699999999998,13868
2026-06-08T15:00:00+00:00,1.1677699999999998,1.1682799999999998,1.16715,1.1679199999999998,10794
2026-06-08T16:00:00+00:00,1.1679199999999998,1.1681099999999998,1.16739,1.16739,6563
2026-06-08T17:00:00+00:00,1.16739,1.16766,1.1670599999999998,1.16729,6297
2026-06-08T18:00:00+00:00,1.16729,1.1676999999999997,1.1662599999999999,1.1663299999999999,6286
2026-06-08T19:00:00+00:00,1.1663299999999999,1.1669299999999998,1.1663099999999997,1.1665699999999999,6165
2026-06-08T20:00:00+00:00,1.1665699999999999,1.1668899999999998,1.1665299999999998,1.1668399999999999,2360
2026-06-08T21:00:00+00:00,1.1668399999999999,1.1675499999999999,1.1665999999999999,1.1671899999999997,1309.427661016909
2026-06-08T22:00:00+00:00,1.1671899999999997,1.1671899999999997,1.1667699999999999,1.1668699999999999,1269
2026-06-08T23:00:00+00:00,1.1668699999999999,1.1669299999999998,1.1663099999999997,1.1663399999999997,1826
2026-06-09T00:00:00+00:00,1.1663399999999997,1.1666799999999997,1.1662199999999998,1.1666499999999997,6105
2026-06-09T01:00:00+00:00,1.1666499999999997,1.1674799999999999,1.1665599999999998,1.1674799999999999,5569
2026-06-09T02:00:00+00:00,1.1674799999999999,1.1675599999999997,1.1671799999999999,1.1672799999999999,4175
2026-06-09T03:00:00+00:00,1.1672799999999999,1.16752,1.1670099999999999,1.1673299999999998,3708
2026-06-09T04:00:00+00:00,1.1673299999999998,1.1683499999999998,1.1672199999999997,1.1680799999999998,3147
2026-06-09T05:00:00+00:00,1.1680799999999998,1.1682799999999998,1.1674799999999999,1.1679999999999997,5909
2026-06-09T06:00:00+00:00,1.1679999999999997,1.1688699999999999,1.1678699999999997,1.1679199999999998,8067
2026-06-09T07:00:00+00:00,1.1679199999999998,1.1682099999999997,1.1672599999999997,1.1674499999999999,8535
2026-06-09T08:00:00+00:00,1.1674499999999999,1.1687899999999998,1.1671599999999998,1.1685899999999998,7815
2026-06-09T09:00:00+00:00,1.1685899999999998,1.1699099999999998,1.1685499999999998,1.1696699999999998,6194
2026-06-09T10:00:00+00:00,1.1696699999999998,1.1704999999999999,1.1695299999999997,1.1700599999999999,5633
2026-06-09T11:00:00+00:00,1.1700599999999999,1.1709499999999997,1.1700599999999999,1.1707899999999998,4855
2026-06-09T12:00:00+00:00,1.1707899999999998,1.1710199999999997,1.1704399999999997,1.1708899999999998,6674
2026-06-09T13:00:00+00:00,1.1708899999999998,1.1713299999999998,1.1698899999999999,1.1701599999999999,11717
2026-06-09T14:00:00+00:00,1.1701599999999999,1.1708599999999998,1.1693399999999998,1.16976,18444
2026-06-09T15:00:00+00:00,1.16976,1.1702499999999998,1.1681,1.1690399999999999,15180
2026-06-09T16:00:00+00:00,1.1690399999999999,1.1692599999999997,1.16637,1.1676199999999999,22378
2026-06-09T17:00:00+00:00,1.1676199999999999,1.1688299999999998,1.16752,1.1683299999999999,13252
2026-06-09T18:00:00+00:00,1.1683299999999999,1.1688299999999998,1.1681499999999998,1.1685099999999997,8015
2026-06-09T19:00:00+00:00,1.1685099999999997,1.1685699999999999,1.16749,1.1676799999999998,7688
2026-06-09T20:00:00+00:00,1.1676799999999998,1.1680799999999998,1.16759,1.1678099999999998,2400
2026-06-09T21:00:00+00:00,1.1678099999999998,1.1678099999999998,1.1670199999999997,1.1672299999999998,847.0693200115775
2026-06-09T22:00:00+00:00,1.1672299999999998,1.1675699999999998,1.1671299999999998,1.1671799999999999,1733
2026-06-09T23:00:00+00:00,1.1671799999999999,1.16742,1.1668399999999999,1.1670399999999999,2547
2026-06-10T00:00:00+00:00,1.1670399999999999,1.1678699999999997,1.1668499999999997,1.1677399999999998,8680
2026-06-10T01:00:00+00:00,1.1677399999999998,1.1678099999999998,1.1670599999999998,1.1672899999999997,7822
2026-06-10T02:00:00+00:00,1.1672899999999997,1.16803,1.1672199999999997,1.1677699999999998,5161
2026-06-10T03:00:00+00:00,1.1677699999999998,1.16874,1.16776,1.1685499999999998,5155
2026-06-10T04:00:00+00:00,1.1685499999999998,1.1685799999999997,1.1679799999999998,1.1681699999999997,4378
2026-06-10T05:00:00+00:00,1.1681699999999997,1.16908,1.1680599999999999,1.1689499999999997,5490
2026-06-10T06:00:00+00:00,1.1689499999999997,1.16935,1.1683499999999998,1.1684099999999997,7828
2026-06-10T07:00:00+00:00,1.1684099999999997,1.1693899999999997,1.1681899999999998,1.16891,8164
2026-06-10T08:00:00+00:00,1.16891,1.1689499999999997,1.1683399999999997,1.1688899999999998,9481
2026-06-10T09:00:00+00:00,1.1688899999999998,1.1694999999999998,1.1685899999999998,1.16932,8251
2026-06-10T10:00:00+00:00,1.16932,1.1694499999999999,1.1685599999999998,1.16874,6444
2026-06-10T11:00:00+00:00,1.16874,1.1687799999999997,1.1670699999999998,1.1671899999999997,16279
2026-06-10T12:00:00+00:00,1.1671899999999997,1.1699999999999997,1.1671299999999998,1.16837,15143
2026-06-10T13:00:00+00:00,1.16837,1.1708399999999999,1.16827,1.1697699999999998,14713
2026-06-10T14:00:00+00:00,1.1697699999999998,1.1702399999999997,1.1685299999999998,1.16874,17895
2026-06-10T15:00:00+00:00,1.16874,1.1692099999999999,1.1669499999999997,1.1684599999999998,19405
2026-06-10T16:00:00+00:00,1.1684599999999998,1.1694799999999999,1.16837,1.16891,10548
2026-06-10T17:00:00+00:00,1.16891,1.1691999999999998,1.1679899999999999,1.1687799999999997,9481
2026-06-10T18:00:00+00:00,1.1687799999999997,1.1692899999999997,1.1683399999999997,1.1683499999999998,8556
2026-06-10T19:00:00+00:00,1.1683499999999998,1.1684099999999997,1.1676299999999997,1.1676699999999998,6812
2026-06-10T20:00:00+00:00,1.1676699999999998,1.1676799999999998,1.1670099999999999,1.1670699999999998,3217
2026-06-10T21:00:00+00:00,1.1670699999999998,1.16749,1.16691,1.1670399999999996,646.4048761366075
2026-06-10T22:00:00+00:00,1.1670399999999996,1.1672299999999998,1.1663899999999996,1.1665399999999997,4129
2026-06-10T23:00:00+00:00,1.1665399999999997,1.1673299999999998,1.1661099999999998,1.1670799999999997,6747.614852398524
2026-06-11T00:00:00+00:00,1.1670799999999997,1.1678499999999998,1.1670799999999997,1.1677899999999999,8083
2026-06-11T01:00:00+00:00,1.1677899999999999,1.1691499999999997,1.1677099999999998,1.1689499999999997,7019
2026-06-11T02:00:00+00:00,1.1689499999999997,1.1689699999999998,1.1681599999999999,1.1683499999999998,6126
2026-06-11T03:00:00+00:00,1.1683499999999998,1.1684599999999998,1.1679899999999999,1.1680899999999999,4216
2026-06-11T04:00:00+00:00,1.1680899999999999,1.1685899999999998,1.1677999999999997,1.1683799999999998,4425
2026-06-11T05:00:00+00:00,1.1683799999999998,1.1686899999999998,1.1680999999999997,1.1682799999999998,5278
2026-06-11T06:00:00+00:00,1.1682799999999998,1.1683,1.1675899999999997,1.1677099999999998,5336
2026-06-11T07:00:00+00:00,1.1677099999999998,1.1690999999999998,1.1676799999999998,1.1680499999999998,7139
2026-06-11T08:00:00+00:00,1.1680499999999998,1.1680899999999999,1.1666099999999997,1.1667699999999999,7181
2026-06-11T09:00:00+00:00,1.1667699999999999,1.1672799999999999,1.1665399999999997,1.1669499999999997,5545
2026-06-11T10:00:00+00:00,1.1669499999999997,1.1669999999999998,1.1658699999999997,1.1666799999999997,6221
2026-06-11T11:00:00+00:00,1.1666799999999997,1.1677199999999999,1.1666799999999997,1.1673799999999999,6293
2026-06-11T12:00:00+00:00,1.1673799999999999,1.1679099999999998,1.1651699999999998,1.1675299999999997,17453
2026-06-11T13:00:00+00:00,1.1675299999999997,1.1676099999999998,1.1653099999999998,1.1665099999999997,16647
2026-06-11T14:00:00+00:00,1.1665099999999997,1.1665999999999999,1.1650199999999997,1.1654899999999997,11617
2026-06-11T15:00:00+00:00,1.1654899999999997,1.1659899999999999,1.1649499999999997,1.1649999999999998,12235
2026-06-11T16:00:00+00:00,1.1649999999999998,1.1651699999999998,1.1642599999999999,1.1644599999999998,7542
2026-06-11T17:00:00+00:00,1.1644599999999998,1.1701799999999998,1.1638299999999997,1.1686599999999998,26365
2026-06-11T18:00:00+00:00,1.1686599999999998,1.1702099999999998,1.1676699999999998,1.1693399999999998,15396
2026-06-11T19:00:00+00:00,1.1693399999999998,1.1725199999999998,1.1693299999999998,1.1714399999999998,13206
2026-06-11T20:00:00+00:00,1.1714399999999998,1.1718999999999997,1.1711899999999997,1.1714099999999998,4553
2026-06-11T21:00:00+00:00,1.1714099999999998,1.1715799999999998,1.1710499999999997,1.1711999999999998,825.68292387799
2026-06-11T22:00:00+00:00,1.1711999999999998,1.1720599999999999,1.1708699999999999,1.1720499999999998,2832
2026-06-11T23:00:00+00:00,1.1720499999999998,1.1722199999999998,1.1709999999999998,1.17112,3636
2026-06-12T00:00:00+00:00,1.17112,1.1712299999999998,1.1701799999999998,1.1705299999999998,8243
2026-06-12T01:00:00+00:00,1.1705299999999998,1.1705699999999999,1.1697199999999999,1.1698899999999999,6937
2026-06-12T02:00:00+00:00,1.1698899999999999,1.1705999999999999,1.16983,1.1702299999999999,4488
2026-06-12T03:00:00+00:00,1.1702299999999999,1.1710899999999997,1.17007,1.1707599999999998,5574
2026-06-12T04:00:00+00:00,1.1707599999999998,1.1710699999999998,1.1704299999999999,1.17071,3855
2026-06-12T05:00:00+00:00,1.17071,1.1709399999999999,1.16929,1.16932,6756
2026-06-12T06:00:00+00:00,1.16932,1.1709899999999998,1.1693099999999998,1.1708599999999998,8825
2026-06-12T07:00:00+00:00,1.1708599999999998,1.1709199999999997,1.1692699999999998,1.1702099999999998,11239
2026-06-12T08:00:00+00:00,1.1702099999999998,1.1721199999999998,1.1701,1.1712399999999998,14708
2026-06-12T09:00:00+00:00,1.1712399999999998,1.17251,1.1709199999999997,1.17197,10390
2026-06-12T10:00:00+00:00,1.17197,1.1721199999999998,1.1704499999999998,1.1709599999999998,9817
2026-06-12T11:00:00+00:00,1.1709599999999998,1.1714999999999998,1.1706199999999998,1.1706999999999999,7804
2026-06-12T12:00:00+00:00,1.1706999999999999,1.17081,1.1695699999999998,1.1699099999999998,9971
2026-06-12T13:00:00+00:00,1.1699099999999998,1.1714699999999998,1.1697399999999998,1.1704999999999999,15665
2026-06-12T14:00:00+00:00,1.1704999999999999,1.1714699999999998,1.1701799999999998,1.1708899999999998,18780
2026-06-12T15:00:00+00:00,1.1708899999999998,1.1719199999999999,1.1707199999999998,1.1708599999999998,14382
2026-06-12T16:00:00+00:00,1.1708599999999998,1.1713399999999998,1.1704999999999999,1.17102,11602
2026-06-12T17:00:00+00:00,1.17102,1.17132,1.17074,1.17102,5752
2026-06-12T18:00:00+00:00,1.17102,1.17142,1.1707999999999998,1.1710399999999999,5147
2026-06-12T19:00:00+00:00,1.1710399999999999,1.1713299999999998,1.1704299999999999,1.17071,5428
2026-06-12T20:00:00+00:00,1.17071,1.17074,1.1700499999999998,1.1702199999999998,3351.32592970811
2026-06-14T21:00:00+00:00,1.1702199999999998,1.1738099999999996,1.1702199999999998,1.1737199999999997,1541.531392009048
2026-06-14T22:00:00+00:00,1.1737199999999997,1.1749999999999996,1.1732799999999997,1.1741099999999995,7887
2026-06-14T23:00:00+00:00,1.1741099999999995,1.1741899999999996,1.1734699999999996,1.1735399999999996,4623
2026-06-15T00:00:00+00:00,1.1735399999999996,1.1744299999999996,1.1730499999999997,1.1731399999999996,7829
2026-06-15T01:00:00+00:00,1.1731399999999996,1.1734199999999997,1.1726699999999997,1.1730599999999995,5033
2026-06-15T02:00:00+00:00,1.1730599999999995,1.1733999999999996,1.1726899999999996,1.1732099999999996,3427
2026-06-15T03:00:00+00:00,1.1732099999999996,1.1737799999999996,1.1730999999999996,1.1736799999999996,3197
2026-06-15T04:00:00+00:00,1.1736799999999996,1.1745899999999996,1.1735699999999996,1.1745099999999995,2780
2026-06-15T05:00:00+00:00,1.1745099999999995,1.1754599999999995,1.1745099999999995,1.1749399999999997,4199
2026-06-15T06:00:00+00:00,1.1749399999999997,1.1750499999999995,1.1733199999999997,1.1738899999999997,7822
2026-06-15T07:00:00+00:00,1.1738899999999997,1.1743099999999995,1.1733999999999996,1.1738699999999995,9288
2026-06-15T08:00:00+00:00,1.1738699999999995,1.1742799999999995,1.1729599999999996,1.1733899999999995,7823
2026-06-15T09:00:00+00:00,1.1733899999999995,1.1743299999999997,1.1733199999999997,1.1739399999999995,6390
2026-06-15T10:00:00+00:00,1.1739399999999995,1.1746999999999996,1.1735799999999996,1.1743099999999995,5703
2026-06-15T11:00:00+00:00,1.1743099999999995,1.1746699999999997,1.1738199999999996,1.1741499999999996,7447
2026-06-15T12:00:00+00:00,1.1741499999999996,1.1752199999999995,1.1736799999999996,1.1747999999999996,8471
2026-06-15T13:00:00+00:00,1.1747999999999996,1.1753099999999996,1.1744599999999996,1.1749399999999997,11778
2026-06-15T14:00:00+00:00,1.1749399999999997,1.1751199999999995,1.1738199999999996,1.1740299999999997,12112
2026-06-15T15:00:00+00:00,1.1740299999999997,1.1740299999999997,1.1729099999999997,1.1730999999999996,7225
2026-06-15T16:00:00+00:00,1.1730999999999996,1.1737699999999995,1.1729899999999995,1.1735999999999995,5564
2026-06-15T17:00:00+00:00,1.1735999999999995,1.1736599999999997,1.1730599999999995,1.1731899999999995,4130
2026-06-15T18:00:00+00:00,1.1731899999999995,1.1735599999999995,1.1726499999999995,1.1727299999999996,5212
2026-06-15T19:00:00+00:00,1.1727299999999996,1.1728799999999997,1.1716999999999995,1.1717799999999996,5631
2026-06-15T20:00:00+00:00,1.1717799999999996,1.1722599999999996,1.1716199999999997,1.1722499999999996,2494
2026-06-15T21:00:00+00:00,1.1722499999999996,1.1722699999999997,1.1715299999999997,1.1718599999999997,1637.7699236522067
2026-06-15T22:00:00+00:00,1.1718599999999997,1.1720399999999995,1.1714999999999995,1.1718099999999996,1327
2026-06-15T23:00:00+00:00,1.1718099999999996,1.1723199999999996,1.1717999999999997,1.1720799999999996,1305
2026-06-16T00:00:00+00:00,1.1720799999999996,1.1723099999999995,1.1717399999999996,1.1722499999999996,4169
2026-06-16T01:00:00+00:00,1.1722499999999996,1.1724699999999997,1.1716499999999996,1.1717299999999997,5149
2026-06-16T02:00:00+00:00,1.1717299999999997,1.1718899999999997,1.1712299999999995,1.1717299999999997,3380
2026-06-16T03:00:00+00:00,1.1717299999999997,1.1718199999999996,1.1713499999999997,1.1715899999999997,3580
2026-06-16T04:00:00+00:00,1.1715899999999997,1.1716399999999996,1.1705299999999996,1.1708399999999997,4111
2026-06-16T05:00:00+00:00,1.1708399999999997,1.1710399999999996,1.1704799999999995,1.1704899999999996,3643
2026-06-16T06:00:00+00:00,1.1704899999999996,1.1717099999999996,1.1704299999999996,1.1716799999999996,6603
2026-06-16T07:00:00+00:00,1.1716799999999996,1.1725099999999997,1.1714499999999997,1.1725099999999997,7134
2026-06-16T08:00:00+00:00,1.1725099999999997,1.1736099999999996,1.1722699999999997,1.1735299999999995,6288
2026-06-16T09:00:00+00:00,1.1735299999999995,1.1738799999999996,1.1729299999999996,1.1730499999999997,6066
2026-06-16T10:00:00+00:00,1.1730499999999997,1.1742499999999996,1.1729999999999996,1.1741399999999995,5788
2026-06-16T11:00:00+00:00,1.1741399999999995,1.1741399999999995,1.1726699999999997,1.1728599999999996,5792
2026-06-16T12:00:00+00:00,1.1728599999999996,1.1731399999999996,1.1720899999999996,1.1729099999999997,7801
2026-06-16T13:00:00+00:00,1.1729099999999997,1.1733099999999996,1.1720699999999997,1.1722199999999996,9794
2026-06-16T14:00:00+00:00,1.1722199999999996,1.1737999999999997,1.1717499999999996,1.1736499999999996,12150
2026-06-16T15:00:00+00:00,1.1736499999999996,1.1748199999999995,1.1729299999999996,1.1743599999999996,10587
2026-06-16T16:00:00+00:00,1.1743599999999996,1.1749299999999996,1.1741199999999996,1.1742799999999995,7819
2026-06-16T17:00:00+00:00,1.1742799999999995,1.1743399999999997,1.1740299999999997,1.1740899999999996,4248
2026-06-16T18:00:00+00:00,1.1740899999999996,1.1743699999999997,1.1735899999999997,1.1740099999999996,4336
2026-06-16T19:00:00+00:00,1.1740099999999996,1.1743399999999997,1.1735299999999995,1.1737699999999995,5028
2026-06-16T20:00:00+00:00,1.1737699999999995,1.1739199999999996,1.1735999999999995,1.1737899999999997,2263
2026-06-16T21:00:00+00:00,1.1737899999999997,1.1740499999999996,1.1734199999999997,1.1736299999999995,2639.817429505517
2026-06-16T22:00:00+00:00,1.1736299999999995,1.1742199999999996,1.1736299999999995,1.1741499999999996,1179
2026-06-16T23:00:00+00:00,1.1741499999999996,1.1743999999999997,1.1738099999999996,1.1738799999999996,2521
2026-06-17T00:00:00+00:00,1.1738799999999996,1.1745799999999995,1.1737699999999995,1.1743699999999997,3844
2026-06-17T01:00:00+00:00,1.1743699999999997,1.1745199999999996,1.1739399999999995,1.1741499999999996,2884
2026-06-17T02:00:00+00:00,1.1741499999999996,1.1744199999999996,1.1738299999999995,1.1738299999999995,2091
2026-06-17T03:00:00+00:00,1.1738299999999995,1.1741399999999995,1.1737499999999996,1.1739499999999996,2015
2026-06-17T04:00:00+00:00,1.1739499999999996,1.1742599999999996,1.1739099999999996,1.1741499999999996,2001
2026-06-17T05:00:00+00:00,1.1741499999999996,1.1744099999999995,1.1739599999999997,1.1741199999999996,2670
2026-06-17T06:00:00+00:00,1.1741199999999996,1.1743899999999996,1.1732899999999995,1.1737099999999996,6020
2026-06-17T07:00:00+00:00,1.1737099999999996,1.1743999999999997,1.1733599999999995,1.1737499999999996,6097
2026-06-17T08:00:00+00:00,1.1737499999999996,1.1737599999999997,1.1727199999999995,1.1730899999999995,5918
2026-06-17T09:00:00+00:00,1.1730899999999995,1.1735099999999996,1.1729999999999996,1.1733099999999996,4272
2026-06-17T10:00:00+00:00,1.1733099999999996,1.1733799999999996,1.1724699999999997,1.1726199999999996,5089
2026-06-17T11:00:00+00:00,1.1726199999999996,1.1726399999999997,1.1714499999999997,1.1720699999999995,5469
2026-06-17T12:00:00+00:00,1.1720699999999995,1.1731899999999995,1.1719799999999996,1.1731299999999996,6185
2026-06-17T13:00:00+00:00,1.1731299999999996,1.1731999999999996,1.1724699999999997,1.1725999999999996,8475
2026-06-17T14:00:00+00:00,1.1725999999999996,1.1727599999999996,1.1709999999999996,1.1718499999999996,12875
2026-06-17T15:00:00+00:00,1.1718499999999996,1.1723099999999995,1.1716099999999996,1.1721599999999996,8258
2026-06-17T16:00:00+00:00,1.1721599999999996,1.1722399999999995,1.1717999999999995,1.1720899999999996,4921
2026-06-17T17:00:00+00:00,1.1720899999999996,1.1725399999999997,1.1716699999999995,1.1723999999999997,5161
2026-06-17T18:00:00+00:00,1.1723999999999997,1.1723999999999997,1.1664499999999995,1.1667799999999995,50680
2026-06-17T19:00:00+00:00,1.1667799999999995,1.1671099999999996,1.1606999999999996,1.1623299999999996,44439
2026-06-17T20:00:00+00:00,1.1623299999999996,1.1634599999999995,1.1616099999999996,1.1630199999999995,6687
2026-06-17T21:00:00+00:00,1.1630199999999995,1.1630599999999995,1.1627199999999995,1.1630199999999995,820.7922714146247
2026-06-17T22:00:00+00:00,1.1630199999999995,1.1633199999999995,1.1627999999999994,1.1632099999999994,2438
2026-06-17T23:00:00+00:00,1.1632099999999994,1.1635999999999995,1.1631199999999995,1.1634399999999994,2577.484806438185
2026-06-18T00:00:00+00:00,1.1634399999999994,1.1648199999999995,1.1634199999999995,1.1642999999999994,9741
2026-06-18T01:00:00+00:00,1.1642999999999994,1.1649899999999995,1.1642799999999995,1.1644099999999995,5940
2026-06-18T02:00:00+00:00,1.1644099999999995,1.1648399999999994,1.1640599999999994,1.1645399999999995,3765
2026-06-18T03:00:00+00:00,1.1645399999999995,1.1651899999999995,1.1645299999999994,1.1650999999999994,2991
2026-06-18T04:00:00+00:00,1.1650999999999994,1.1653999999999993,1.1648199999999995,1.1650599999999993,4228
2026-06-18T05:00:00+00:00,1.1650599999999993,1.1652399999999994,1.1637799999999994,1.1638199999999994,4567
2026-06-18T06:00:00+00:00,1.1638199999999994,1.1655799999999994,1.1637999999999995,1.1647099999999995,9951
2026-06-18T07:00:00+00:00,1.1647099999999995,1.1650599999999993,1.1633999999999993,1.1640399999999995,10842
2026-06-18T08:00:00+00:00,1.1640399999999995,1.1641599999999994,1.1609599999999993,1.1610199999999995,12865
2026-06-18T09:00:00+00:00,1.1610199999999995,1.1613399999999994,1.1602099999999995,1.1604199999999993,12683
2026-06-18T10:00:00+00:00,1.1604199999999993,1.1604899999999994,1.1587099999999995,1.1588399999999994,12436
2026-06-18T11:00:00+00:00,1.1588399999999994,1.1594399999999994,1.1581799999999993,1.1584799999999995,12615
2026-06-18T12:00:00+00:00,1.1584799999999995,1.1608999999999994,1.1580799999999993,1.1596899999999994,15330
2026-06-18T13:00:00+00:00,1.1596899999999994,1.1611599999999995,1.1590399999999994,1.1599699999999995,17923
2026-06-18T14:00:00+00:00,1.1599699999999995,1.1615099999999994,1.1595299999999995,1.1613899999999995,15064
2026-06-18T15:00:00+00:00,1.1613899999999995,1.1615099999999994,1.1596599999999995,1.1596799999999994,14195
2026-06-18T16:00:00+00:00,1.1596799999999994,1.1599799999999993,1.1588999999999994,1.1592799999999994,10611
2026-06-18T17:00:00+00:00,1.1592799999999994,1.1601099999999995,1.1589899999999995,1.1589999999999994,6685
2026-06-18T18:00:00+00:00,1.1589999999999994,1.1593199999999995,1.1586499999999995,1.1587099999999995,6306
2026-06-18T19:00:00+00:00,1.1587099999999995,1.1590399999999994,1.1578799999999994,1.1585299999999994,11056
2026-06-18T20:00:00+00:00,1.1585299999999994,1.1590699999999994,1.1583199999999994,1.1585399999999995,3361
2026-06-18T21:00:00+00:00,1.1585399999999995,1.1593799999999994,1.1583699999999995,1.1588199999999995,1209
2026-06-18T22:00:00+00:00,1.1588199999999995,1.1590899999999995,1.1586199999999993,1.1590599999999995,1921
2026-06-18T23:00:00+00:00,1.1590599999999995,1.1590799999999994,1.1584499999999995,1.1585699999999994,1974
2026-06-19T00:00:00+00:00,1.1585699999999994,1.1593199999999995,1.1585699999999994,1.1589399999999994,5436
2026-06-19T01:00:00+00:00,1.1589399999999994,1.1590899999999995,1.1580199999999994,1.1580699999999995,4373
2026-06-19T02:00:00+00:00,1.1580699999999995,1.1585399999999995,1.1579299999999995,1.1581999999999995,3293
2026-06-19T03:00:00+00:00,1.1581999999999995,1.1582299999999994,1.1569399999999994,1.1569999999999994,4868
2026-06-19T04:00:00+00:00,1.1569999999999994,1.1570999999999994,1.1554799999999994,1.1556199999999994,5231
2026-06-19T05:00:00+00:00,1.1556199999999994,1.1561299999999994,1.1545399999999995,1.1558299999999995,9333
2026-06-19T06:00:00+00:00,1.1558299999999995,1.1569799999999995,1.1556499999999994,1.1569599999999993,8467
2026-06-19T07:00:00+00:00,1.1569599999999993,1.1576799999999994,1.1569299999999993,1.1573999999999993,8397
2026-06-19T08:00:00+00:00,1.1573999999999993,1.1593399999999994,1.1573899999999995,1.1591899999999995,7978
2026-06-19T09:00:00+00:00,1.1591899999999995,1.1592199999999995,1.1585999999999994,1.1586999999999994,6524
2026-06-19T10:00:00+00:00,1.1586999999999994,1.1590999999999994,1.1579999999999995,1.1589999999999994,6474
2026-06-19T11:00:00+00:00,1.1589999999999994,1.1595499999999994,1.1586599999999994,1.1588699999999994,5412
2026-06-19T12:00:00+00:00,1.1588699999999994,1.1602399999999995,1.1588699999999994,1.1598499999999994,8890
2026-06-19T13:00:00+00:00,1.1598499999999994,1.1600099999999993,1.1584299999999994,1.1590599999999995,8722
2026-06-19T14:00:00+00:00,1.1590599999999995,1.1597699999999995,1.1585499999999995,1.1596099999999994,9025
2026-06-19T15:00:00+00:00,1.1596099999999994,1.1603699999999995,1.1590099999999994,1.1592399999999994,5988
2026-06-19T16:00:00+00:00,1.1592399999999994,1.1596899999999994,1.1589499999999995,1.1596499999999994,3082
2026-06-19T17:00:00+00:00,1.1596499999999994,1.1603899999999994,1.1595399999999993,1.1602399999999995,3984
2026-06-19T18:00:00+00:00,1.1602399999999995,1.1608299999999994,1.1601399999999995,1.1604199999999993,3389.8875450334535
2026-06-19T19:00:00+00:00,1.1604199999999993,1.1606199999999993,1.1602499999999996,1.1603099999999995,1915.9556763647752
2026-06-19T20:00:00+00:00,1.1603099999999995,1.1604899999999996,1.1591699999999996,1.1593599999999997,2235.414709107973
2026-06-21T21:00:00+00:00,1.1593599999999997,1.1605799999999997,1.1593599999999997,1.1599899999999999,665.2134769141625
2026-06-21T22:00:00+00:00,1.1599899999999999,1.1607999999999998,1.1595199999999997,1.1602999999999997,2303
2026-06-21T23:00:00+00:00,1.1602999999999997,1.1607199999999998,1.1598999999999997,1.1603499999999998,3084
2026-06-22T00:00:00+00:00,1.1603499999999998,1.1607599999999998,1.1598599999999997,1.1607399999999997,6860
2026-06-22T01:00:00+00:00,1.1607399999999997,1.1614599999999997,1.1604399999999997,1.1604499999999998,7938
2026-06-22T02:00:00+00:00,1.1604499999999998,1.1608699999999998,1.1601099999999998,1.1606299999999998,4284
2026-06-22T03:00:00+00:00,1.1606299999999998,1.1607799999999997,1.1595199999999997,1.1597199999999999,3975
2026-06-22T04:00:00+00:00,1.1597199999999999,1.1597899999999999,1.1593899999999997,1.1596999999999997,4308
2026-06-22T05:00:00+00:00,1.1596999999999997,1.1603799999999997,1.1594999999999998,1.1595299999999997,4841
2026-06-22T06:00:00+00:00,1.1595299999999997,1.1604299999999999,1.1593299999999997,1.1600999999999997,8816
2026-06-22T07:00:00+00:00,1.1600999999999997,1.1603599999999998,1.1585199999999998,1.1586799999999997,9634
2026-06-22T08:00:00+00:00,1.1586799999999997,1.1593999999999998,1.1582499999999998,1.1591899999999997,9456
2026-06-22T09:00:00+00:00,1.1591899999999997,1.1603999999999999,1.1591299999999998,1.1598899999999999,7581
2026-06-22T10:00:00+00:00,1.1598899999999999,1.1604499999999998,1.1595499999999999,1.1597299999999997,6763
2026-06-22T11:00:00+00:00,1.1597299999999997,1.1601099999999998,1.1588499999999997,1.1589599999999998,7274
2026-06-22T12:00:00+00:00,1.1589599999999998,1.1602799999999998,1.1588599999999998,1.1595899999999997,8781
2026-06-22T13:00:00+00:00,1.1595899999999997,1.1595999999999997,1.1569299999999998,1.1569599999999998,16243
2026-06-22T14:00:00+00:00,1.1569599999999998,1.1591399999999998,1.1566599999999998,1.1585699999999999,20517
2026-06-22T15:00:00+00:00,1.1585699999999999,1.1591199999999997,1.1571299999999998,1.1572799999999999,10464
2026-06-22T16:00:00+00:00,1.1572799999999999,1.1573299999999997,1.1566299999999998,1.1571999999999998,7423
2026-06-22T17:00:00+00:00,1.1571999999999998,1.1574399999999998,1.1568099999999997,1.1569999999999998,4514
2026-06-22T18:00:00+00:00,1.1569999999999998,1.1572499999999997,1.1563199999999998,1.1565299999999998,4511
2026-06-22T19:00:00+00:00,1.1565299999999998,1.1566499999999997,1.1559899999999999,1.1565899999999998,4877
2026-06-22T20:00:00+00:00,1.1565899999999998,1.1570299999999998,1.1565499999999997,1.1568599999999998,2385
2026-06-22T21:00:00+00:00,1.1568599999999998,1.1569599999999998,1.1562199999999998,1.1568399999999999,1004
2026-06-22T22:00:00+00:00,1.1568399999999999,1.1569899999999997,1.1566299999999998,1.1568399999999999,1574
2026-06-22T23:00:00+00:00,1.1568399999999999,1.1570099999999999,1.1566499999999997,1.1567699999999999,1549
2026-06-23T00:00:00+00:00,1.1567699999999999,1.1568699999999998,1.1563399999999997,1.1567799999999997,5327
2026-06-23T01:00:00+00:00,1.1567799999999997,1.1569199999999997,1.1563299999999999,1.1567599999999998,5274
2026-06-23T02:00:00+00:00,1.1567599999999998,1.1572799999999999,1.1566499999999997,1.1566799999999997,3963
2026-06-23T03:00:00+00:00,1.1566799999999997,1.1570799999999997,1.1559599999999999,1.1570499999999997,4240
2026-06-23T04:00:00+00:00,1.1570499999999997,1.1571099999999999,1.1560499999999998,1.1561899999999998,3241
2026-06-23T05:00:00+00:00,1.1561899999999998,1.1566499999999997,1.1559899999999999,1.1563899999999998,4489
2026-06-23T06:00:00+00:00,1.1563899999999998,1.1570999999999998,1.1560299999999997,1.1563899999999998,7906
2026-06-23T07:00:00+00:00,1.1563899999999998,1.1579999999999997,1.1550699999999998,1.1552599999999997,13107
2026-06-23T08:00:00+00:00,1.1552599999999997,1.1558499999999998,1.1545499999999997,1.1549199999999997,10366
2026-06-23T09:00:00+00:00,1.1549199999999997,1.1552299999999998,1.1546899999999998,1.1551899999999997,6943
2026-06-23T10:00:00+00:00,1.1551899999999997,1.1553699999999998,1.1536499999999998,1.1541599999999999,7152
2026-06-23T11:00:00+00:00,1.1541599999999999,1.1543699999999997,1.1525199999999998,1.1526599999999998,7471
2026-06-23T12:00:00+00:00,1.1526599999999998,1.1535499999999999,1.1523599999999998,1.1529799999999997,10086
2026-06-23T13:00:00+00:00,1.1529799999999997,1.1540999999999997,1.1525999999999998,1.1530699999999998,12509
2026-06-23T14:00:00+00:00,1.1530699999999998,1.1532199999999997,1.1516699999999997,1.1522899999999998,14911
2026-06-23T15:00:00+00:00,1.1522899999999998,1.1526499999999997,1.1516599999999997,1.1523899999999998,9491
2026-06-23T16:00:00+00:00,1.1523899999999998,1.1524799999999997,1.1519499999999998,1.1520499999999998,6495
2026-06-23T17:00:00+00:00,1.1520499999999998,1.1522599999999998,1.1517499999999998,1.1520499999999998,4703
2026-06-23T18:00:00+00:00,1.1520499999999998,1.1521599999999999,1.1516999999999997,1.1519699999999997,3804
2026-06-23T19:00:00+00:00,1.1519699999999997,1.1523799999999997,1.1519499999999998,1.1519899999999998,4819
2026-06-23T20:00:00+00:00,1.1519899999999998,1.1523099999999997,1.1518799999999998,1.1521699999999997,2248
2026-06-23T21:00:00+00:00,1.1521699999999997,1.1524599999999998,1.1519699999999997,1.1523799999999997,590
2026-06-23T22:00:00+00:00,1.1523799999999997,1.1524099999999997,1.1519599999999999,1.1522099999999997,1313.9520591341077
2026-06-23T23:00:00+00:00,1.1522099999999997,1.1524299999999996,1.1519699999999997,1.1519799999999998,2037.9378427787933
2026-06-24T00:00:00+00:00,1.1519799999999998,1.1522999999999997,1.1514099999999996,1.1517099999999998,7359
2026-06-24T01:00:00+00:00,1.1517099999999998,1.1517699999999997,1.1511799999999996,1.1517299999999997,6332
2026-06-24T02:00:00+00:00,1.1517299999999997,1.1517699999999997,1.1507499999999997,1.1508299999999998,4389
2026-06-24T03:00:00+00:00,1.1508299999999998,1.1509599999999998,1.1502099999999997,1.1508099999999997,6044
2026-06-24T04:00:00+00:00,1.1508099999999997,1.1508399999999996,1.1501999999999997,1.1503799999999997,3522
2026-06-24T05:00:00+00:00,1.1503799999999997,1.1509199999999997,1.1503599999999996,1.1508799999999997,4234
2026-06-24T06:00:00+00:00,1.1508799999999997,1.1515999999999997,1.1498299999999997,1.1500099999999998,8395
2026-06-24T07:00:00+00:00,1.1500099999999998,1.1501699999999997,1.1492099999999996,1.1492299999999998,9397
2026-06-24T08:00:00+00:00,1.1492299999999998,1.1496699999999997,1.1478699999999997,1.1493599999999997,10424
2026-06-24T09:00:00+00:00,1.1493599999999997,1.1494599999999997,1.1485199999999998,1.1486799999999997,8376
2026-06-24T10:00:00+00:00,1.1486799999999997,1.1487299999999998,1.1479199999999996,1.1480499999999998,6886
2026-06-24T11:00:00+00:00,1.1480499999999998,1.1489799999999997,1.1477899999999996,1.1481099999999997,9391
2026-06-24T12:00:00+00:00,1.1481099999999997,1.1486899999999998,1.1465999999999996,1.1469899999999997,12712
2026-06-24T13:00:00+00:00,1.1469899999999997,1.1488599999999998,1.1465399999999997,1.1484999999999996,17691
2026-06-24T14:00:00+00:00,1.1484999999999996,1.1493099999999996,1.1476699999999997,1.1482599999999996,16326
2026-06-24T15:00:00+00:00,1.1482599999999996,1.1502799999999997,1.1480899999999996,1.1488899999999997,11972
2026-06-24T16:00:00+00:00,1.1488899999999997,1.1508699999999996,1.1487699999999996,1.1500399999999997,7994
2026-06-24T17:00:00+00:00,1.1500399999999997,1.1502099999999997,1.1489899999999997,1.1490499999999997,7844
2026-06-24T18:00:00+00:00,1.1490499999999997,1.1501699999999997,1.1490499999999997,1.1495899999999997,6759
2026-06-24T19:00:00+00:00,1.1495899999999997,1.1499499999999998,1.1491799999999996,1.1494199999999997,6162
2026-06-24T20:00:00+00:00,1.1494199999999997,1.1501299999999997,1.1493099999999996,1.1498499999999996,4488
2026-06-24T21:00:00+00:00,1.1498499999999996,1.1504099999999997,1.1494399999999998,1.15011,2254.3639544984844
2026-06-24T22:00:00+00:00,1.15011,1.1502999999999999,1.14987,1.1499,1150.5439945880466
2026-06-24T23:00:00+00:00,1.1499,1.1500299999999999,1.14966,1.14978,1466
2026-06-25T00:00:00+00:00,1.14978,1.1499,1.14915,1.14974,5070
2026-06-25T01:00:00+00:00,1.14974,1.1511099999999999,1.1493099999999992,1.1494099999999992,6874.2517249734565
2026-06-25T02:00:00+00:00,1.1494099999999992,1.1501599999999992,1.1492599999999993,1.1499599999999992,4766
2026-06-25T03:00:00+00:00,1.1499599999999992,1.1506999999999992,1.1498899999999992,1.1505999999999992,4558
2026-06-25T04:00:00+00:00,1.1505999999999992,1.1506799999999993,1.1502099999999993,1.1503199999999991,3166
2026-06-25T05:00:00+00:00,1.1503199999999991,1.1504199999999993,1.1495799999999992,1.1497199999999992,4296
2026-06-25T06:00:00+00:00,1.1497199999999992,1.1500999999999992,1.1488299999999991,1.1488799999999992,7333
2026-06-25T07:00:00+00:00,1.1488799999999992,1.1496499999999992,1.1480799999999993,1.1495399999999991,9385
2026-06-25T08:00:00+00:00,1.1495399999999991,1.1508399999999992,1.1494799999999992,1.1503699999999992,8160
2026-06-25T09:00:00+00:00,1.1503699999999992,1.1509999999999991,1.1497699999999993,1.1497899999999992,6252
2026-06-25T10:00:00+00:00,1.1497899999999992,1.1497999999999993,1.1478899999999992,1.1481799999999993,6286
2026-06-25T11:00:00+00:00,1.1481799999999993,1.1481899999999992,1.1469399999999992,1.1473599999999993,7354
2026-06-25T12:00:00+00:00,1.1473599999999993,1.1500599999999992,1.1472299999999993,1.1489499999999992,16332
2026-06-25T13:00:00+00:00,1.1489499999999992,1.1505799999999993,1.1485299999999992,1.1499599999999992,17713
2026-06-25T14:00:00+00:00,1.1499599999999992,1.1519499999999991,1.1498899999999992,1.1510899999999993,20295
2026-06-25T15:00:00+00:00,1.1510899999999993,1.1524099999999993,1.1509599999999993,1.1520299999999992,15600
2026-06-25T16:00:00+00:00,1.1520299999999992,1.1522499999999993,1.1509299999999991,1.1509999999999991,8514
2026-06-25T17:00:00+00:00,1.1509999999999991,1.1513699999999991,1.1507599999999991,1.1510299999999993,6283
2026-06-25T18:00:00+00:00,1.1510299999999993,1.1516599999999992,1.1505899999999991,1.1508999999999991,7401
2026-06-25T19:00:00+00:00,1.1508999999999991,1.1516399999999993,1.1504499999999993,1.1508699999999992,6294
2026-06-25T20:00:00+00:00,1.1508699999999992,1.1510499999999992,1.1505199999999993,1.1505499999999993,2427
2026-06-25T21:00:00+00:00,1.1505499999999993,1.1508699999999992,1.1500799999999993,1.1507399999999992,1461.46407395067
2026-06-25T22:00:00+00:00,1.1507399999999992,1.1509199999999993,1.1502999999999992,1.1505899999999991,2008
2026-06-25T23:00:00+00:00,1.1505899999999991,1.1506699999999992,1.1496299999999993,1.1497399999999993,3358
2026-06-26T00:00:00+00:00,1.1497399999999993,1.1502999999999992,1.1496999999999993,1.1500899999999992,6724
2026-06-26T01:00:00+00:00,1.1500899999999992,1.1505099999999993,1.1492399999999992,1.1495699999999993,6942
2026-06-26T02:00:00+00:00,1.1495699999999993,1.1498899999999992,1.1490199999999993,1.1495199999999992,6293
2026-06-26T03:00:00+00:00,1.1495199999999992,1.1507599999999991,1.1494499999999992,1.1507499999999993,5608
2026-06-26T04:00:00+00:00,1.1507499999999993,1.1513199999999992,1.1504599999999991,1.1512999999999993,4700
2026-06-26T05:00:00+00:00,1.1512999999999993,1.1518199999999992,1.1511099999999992,1.1514199999999992,5224
2026-06-26T06:00:00+00:00,1.1514199999999992,1.1518399999999993,1.1507599999999991,1.1511299999999993,8026
2026-06-26T07:00:00+00:00,1.1511299999999993,1.1524699999999992,1.1509099999999992,1.1522599999999992,8472
2026-06-26T08:00:00+00:00,1.1522599999999992,1.1543599999999992,1.1519099999999993,1.1537299999999993,12324
2026-06-26T09:00:00+00:00,1.1537299999999993,1.1548099999999992,1.1531399999999992,1.1542899999999992,8747
2026-06-26T10:00:00+00:00,1.1542899999999992,1.1544299999999992,1.1536199999999992,1.1540799999999993,8379
2026-06-26T11:00:00+00:00,1.1540799999999993,1.1542399999999993,1.1529799999999992,1.1534299999999993,8612
2026-06-26T12:00:00+00:00,1.1534299999999993,1.1569999999999991,1.1533599999999993,1.1563199999999991,11618
2026-06-26T13:00:00+00:00,1.1563199999999991,1.1565799999999993,1.1547699999999992,1.1560899999999992,18523
2026-06-26T14:00:00+00:00,1.1560899999999992,1.1564699999999992,1.1529599999999993,1.1530099999999992,16256
2026-06-26T15:00:00+00:00,1.1530099999999992,1.1544099999999993,1.1528199999999993,1.1538899999999992,12464
2026-06-26T16:00:00+00:00,1.1538899999999992,1.1539399999999993,1.1518999999999993,1.1525899999999991,7946
2026-06-26T17:00:00+00:00,1.1525899999999991,1.1529199999999993,1.1520799999999993,1.1522499999999993,5175
2026-06-26T18:00:00+00:00,1.1522499999999993,1.1527299999999991,1.1521399999999993,1.1521899999999992,4135
2026-06-26T19:00:00+00:00,1.1521899999999992,1.1525299999999992,1.1516899999999992,1.1522899999999991,4181
2026-06-26T20:00:00+00:00,1.1522899999999991,1.1527999999999992,1.1516699999999993,1.1518399999999993,4556.290976558965
2026-06-28T21:00:00+00:00,1.1518399999999993,1.1518399999999993,1.1503299999999992,1.1503899999999994,758.3140407580868
2026-06-28T22:00:00+00:00,1.1503899999999994,1.1511099999999992,1.1503899999999994,1.1509699999999992,1443
2026-06-28T23:00:00+00:00,1.1509699999999992,1.1511299999999993,1.1506499999999993,1.1509499999999993,2110
2026-06-29T00:00:00+00:00,1.1509499999999993,1.1513499999999992,1.1507499999999993,1.1511799999999992,7992
2026-06-29T01:00:00+00:00,1.1511799999999992,1.1515199999999992,1.1508799999999992,1.1509399999999992,7575
2026-06-29T02:00:00+00:00,1.1509399999999992,1.1517799999999994,1.1508899999999993,1.1511799999999992,5705
2026-06-29T03:00:00+00:00,1.1511799999999992,1.1514299999999993,1.1507399999999992,1.1507399999999992,3475
2026-06-29T04:00:00+00:00,1.1507399999999992,1.1509499999999993,1.1505199999999993,1.1506999999999992,3616
2026-06-29T05:00:00+00:00,1.1506999999999992,1.1519399999999993,1.1506699999999992,1.1518699999999993,4947
2026-06-29T06:00:00+00:00,1.1518699999999993,1.1539299999999992,1.1516999999999993,1.1536599999999992,8114
2026-06-29T07:00:00+00:00,1.1536599999999992,1.1537399999999993,1.1524399999999992,1.1526699999999992,9171
2026-06-29T08:00:00+00:00,1.1526699999999992,1.1531699999999994,1.1516799999999994,1.1520199999999992,8057
2026-06-29T09:00:00+00:00,1.1520199999999992,1.1528299999999994,1.1518699999999993,1.1527599999999993,7530
2026-06-29T10:00:00+00:00,1.1527599999999993,1.1529899999999993,1.1523899999999994,1.1528799999999992,5981
2026-06-29T11:00:00+00:00,1.1528799999999992,1.1535899999999992,1.1523099999999993,1.1533199999999992,7900
2026-06-29T12:00:00+00:00,1.1533199999999992,1.1533299999999993,1.1524699999999992,1.1526899999999993,8642
2026-06-29T13:00:00+00:00,1.1526899999999993,1.1536399999999993,1.1524899999999993,1.1534299999999993,10925
2026-06-29T14:00:00+00:00,1.1534299999999993,1.1547599999999993,1.1528599999999993,1.1546199999999993,18662
2026-06-29T15:00:00+00:00,1.1546199999999993,1.1549299999999993,1.1540699999999993,1.1547999999999992,10497
2026-06-29T16:00:00+00:00,1.1547999999999992,1.1554799999999992,1.1547499999999993,1.1550099999999992,6046
2026-06-29T17:00:00+00:00,1.1550099999999992,1.1552399999999992,1.1545599999999994,1.1550999999999993,4767
2026-06-29T18:00:00+00:00,1.1550999999999993,1.1553299999999993,1.1549099999999992,1.1549799999999992,4420
2026-06-29T19:00:00+00:00,1.1549799999999992,1.1551199999999993,1.1546399999999992,1.1549899999999993,4264
2026-06-29T20:00:00+00:00,1.1549899999999993,1.1551699999999994,1.1546199999999993,1.1546599999999994,1895
2026-06-29T21:00:00+00:00,1.1546599999999994,1.1551399999999994,1.1543699999999992,1.1549499999999993,962.4970766029135
2026-06-29T22:00:00+00:00,1.1549499999999993,1.1551499999999995,1.1548299999999994,1.1550799999999994,1033.3606745879647
2026-06-29T23:00:00+00:00,1.1550799999999994,1.1550999999999993,1.1544799999999993,1.1544799999999993,1148
2026-06-30T00:00:00+00:00,1.1544799999999993,1.1546299999999994,1.1538099999999993,1.1542099999999993,6485
2026-06-30T01:00:00+00:00,1.1542099999999993,1.1543099999999993,1.1527699999999994,1.1529899999999993,7994
2026-06-30T02:00:00+00:00,1.1529899999999993,1.1532099999999994,1.1527299999999994,1.1529299999999993,4214
2026-06-30T03:00:00+00:00,1.1529299999999993,1.1530899999999993,1.1522799999999993,1.1524199999999993,4136
2026-06-30T04:00:00+00:00,1.1524199999999993,1.1524899999999993,1.1514499999999994,1.1514699999999993,3451
2026-06-30T05:00:00+00:00,1.1514699999999993,1.1518499999999994,1.1508399999999994,1.1510599999999993,5945
2026-06-30T06:00:00+00:00,1.1510599999999993,1.1529499999999993,1.1509199999999993,1.1528799999999995,9090
2026-06-30T07:00:00+00:00,1.1528799999999995,1.1535299999999993,1.1522799999999993,1.1524399999999995,8262
2026-06-30T08:00:00+00:00,1.1524399999999995,1.1525299999999994,1.1509199999999993,1.1519199999999994,11529
2026-06-30T09:00:00+00:00,1.1519199999999994,1.1524299999999994,1.1514899999999995,1.1522899999999994,8075
2026-06-30T10:00:00+00:00,1.1522899999999994,1.1527999999999994,1.1518299999999995,1.1527499999999993,6091
2026-06-30T11:00:00+00:00,1.1527499999999993,1.1528499999999993,1.1511999999999993,1.1518799999999993,8328
2026-06-30T12:00:00+00:00,1.1518799999999993,1.1528499999999993,1.1514399999999994,1.1521899999999994,10701
2026-06-30T13:00:00+00:00,1.1521899999999994,1.1532699999999994,1.1520099999999993,1.1522399999999993,10991
2026-06-30T14:00:00+00:00,1.1522399999999993,1.1560599999999994,1.1516799999999994,1.1558699999999993,23667
2026-06-30T15:00:00+00:00,1.1558699999999993,1.1562399999999993,1.1540799999999993,1.1542799999999993,13387
2026-06-30T16:00:00+00:00,1.1542799999999993,1.1543999999999994,1.1537999999999993,1.1539799999999993,6176
2026-06-30T17:00:00+00:00,1.1539799999999993,1.1547999999999994,1.1539799999999993,1.1547199999999993,4239
2026-06-30T18:00:00+00:00,1.1547199999999993,1.1552699999999994,1.1544899999999994,1.1546199999999993,4854
2026-06-30T19:00:00+00:00,1.1546199999999993,1.1552399999999994,1.1541199999999994,1.1552299999999993,5753
2026-06-30T20:00:00+00:00,1.1552299999999993,1.1553099999999994,1.1546199999999993,1.1547199999999993,2734
2026-06-30T21:00:00+00:00,1.1547199999999993,1.1548099999999994,1.1542199999999994,1.1546999999999994,1261.0841079120382
2026-06-30T22:00:00+00:00,1.1546999999999994,1.1548599999999993,1.1544299999999994,1.1545799999999993,903.3657230298393
2026-06-30T23:00:00+00:00,1.1545799999999993,1.1545999999999994,1.1538199999999994,1.1538799999999994,1479
2026-07-01T00:00:00+00:00,1.1538799999999994,1.1539799999999993,1.1534199999999994,1.1535199999999994,5006
2026-07-01T01:00:00+00:00,1.1535199999999994,1.1535299999999993,1.1528399999999994,1.1530099999999994,6119
2026-07-01T02:00:00+00:00,1.1530099999999994,1.1533799999999994,1.1528499999999993,1.1531199999999993,5174
2026-07-01T03:00:00+00:00,1.1531199999999993,1.1533999999999993,1.1527599999999993,1.1529799999999994,3597
2026-07-01T04:00:00+00:00,1.1529799999999994,1.1536599999999995,1.1528399999999994,1.1534399999999994,3725
2026-07-01T05:00:00+00:00,1.1534399999999994,1.1536299999999993,1.1528599999999993,1.1531399999999994,4616
2026-07-01T06:00:00+00:00,1.1531399999999994,1.1535299999999993,1.1526099999999995,1.1528799999999995,7389
2026-07-01T07:00:00+00:00,1.1528799999999995,1.1529999999999994,1.1518799999999993,1.1527699999999994,8415
2026-07-01T08:00:00+00:00,1.1527699999999994,1.1529599999999993,1.1519899999999994,1.1522299999999994,7613
2026-07-01T09:00:00+00:00,1.1522299999999994,1.1525399999999995,1.1510899999999993,1.1513599999999993,7791
2026-07-01T10:00:00+00:00,1.1513599999999993,1.1526199999999993,1.1511899999999993,1.1523799999999993,5317
2026-07-01T11:00:00+00:00,1.1523799999999993,1.1524699999999994,1.1510599999999993,1.1511299999999993,7939
2026-07-01T12:00:00+00:00,1.1511299999999993,1.1513699999999993,1.1494699999999993,1.1496799999999994,12253
2026-07-01T13:00:00+00:00,1.1496799999999994,1.1537399999999993,1.1487499999999993,1.1520899999999994,30784
2026-07-01T14:00:00+00:00,1.1520899999999994,1.1531199999999993,1.1510499999999995,1.1521099999999993,22469
2026-07-01T15:00:00+00:00,1.1521099999999993,1.1521899999999994,1.1504599999999994,1.1509499999999993,15451
2026-07-01T16:00:00+00:00,1.1509499999999993,1.1519699999999993,1.1505599999999994,1.1508099999999994,10935
2026-07-01T17:00:00+00:00,1.1508099999999994,1.1511699999999994,1.1504699999999994,1.1506699999999994,6904
2026-07-01T18:00:00+00:00,1.1506699999999994,1.1508699999999994,1.1500999999999995,1.1505599999999994,5884
2026-07-01T19:00:00+00:00,1.1505599999999994,1.1507399999999994,1.1503299999999994,1.1504599999999994,4874
2026-07-01T20:00:00+00:00,1.1504599999999994,1.1505199999999993,1.1499599999999994,1.1502899999999994,2959
2026-07-01T21:00:00+00:00,1.1502899999999994,1.1504999999999994,1.1497899999999994,1.1504099999999993,655.3565677678714
2026-07-01T22:00:00+00:00,1.1504099999999993,1.1505199999999995,1.1502799999999995,1.1504199999999993,724.2624336752467
2026-07-01T23:00:00+00:00,1.1504199999999993,1.1504299999999994,1.1502299999999992,1.1502699999999992,1129.2552550558146
2026-07-02T00:00:00+00:00,1.1502699999999992,1.1508499999999993,1.1500099999999993,1.1501799999999993,5156
2026-07-02T01:00:00+00:00,1.1501799999999993,1.1510999999999993,1.1501499999999993,1.1506999999999992,4924
2026-07-02T02:00:00+00:00,1.1506999999999992,1.1513699999999993,1.1506299999999992,1.1507299999999991,4195
2026-07-02T03:00:00+00:00,1.1507299999999991,1.1508699999999992,1.1503299999999992,1.1507599999999993,3612
2026-07-02T04:00:00+00:00,1.1507599999999993,1.1513499999999992,1.1507499999999993,1.1511999999999993,4088
2026-07-02T05:00:00+00:00,1.1511999999999993,1.1513899999999992,1.1506799999999993,1.1510999999999993,4738
2026-07-02T06:00:00+00:00,1.1510999999999993,1.1529599999999993,1.1510699999999991,1.1519899999999992,12053
2026-07-02T07:00:00+00:00,1.1519899999999992,1.1534599999999993,1.1515799999999992,1.1533099999999992,12167
2026-07-02T08:00:00+00:00,1.1533099999999992,1.1546199999999993,1.1532199999999992,1.1545399999999992,14973
2026-07-02T09:00:00+00:00,1.1545399999999992,1.1546299999999992,1.1534299999999993,1.1534999999999993,9493
2026-07-02T10:00:00+00:00,1.1534999999999993,1.1536499999999992,1.1528299999999994,1.1535599999999993,7400
2026-07-02T11:00:00+00:00,1.1535599999999993,1.1539999999999992,1.1525699999999992,1.1529099999999992,7441
2026-07-02T12:00:00+00:00,1.1529099999999992,1.1598099999999993,1.1520599999999992,1.1576799999999992,38664
2026-07-02T13:00:00+00:00,1.1576799999999992,1.1580499999999994,1.1563699999999992,1.1575799999999992,27144
2026-07-02T14:00:00+00:00,1.1575799999999992,1.1583599999999992,1.1558799999999994,1.1569199999999993,21216
2026-07-02T15:00:00+00:00,1.1569199999999993,1.1574999999999993,1.1564999999999992,1.1572699999999994,14290
2026-07-02T16:00:00+00:00,1.1572699999999994,1.1573399999999991,1.1560599999999992,1.1562999999999992,10299
2026-07-02T17:00:00+00:00,1.1562999999999992,1.1562999999999992,1.1554099999999992,1.1555799999999992,7522
2026-07-02T18:00:00+00:00,1.1555799999999992,1.1562199999999994,1.1554699999999993,1.1558299999999992,6372
2026-07-02T19:00:00+00:00,1.1558299999999992,1.1559299999999992,1.1551399999999992,1.1556099999999994,4751
2026-07-02T20:00:00+00:00,1.1556099999999994,1.1560799999999993,1.1554699999999993,1.1556899999999992,2115
2026-07-02T21:00:00+00:00,1.1556899999999992,1.1559599999999992,1.1553399999999991,1.1558599999999992,1313.3833359987207
2026-07-02T22:00:00+00:00,1.1558599999999992,1.1560699999999993,1.1552999999999993,1.1554199999999992,1472
2026-07-02T23:00:00+00:00,1.1554199999999992,1.1555699999999993,1.1547099999999992,1.1547699999999992,2361
2026-07-03T00:00:00+00:00,1.1547699999999992,1.1556099999999994,1.1545899999999993,1.1555799999999992,6430
2026-07-03T01:00:00+00:00,1.1555799999999992,1.1569799999999992,1.1555299999999993,1.1562299999999992,8958
2026-07-03T02:00:00+00:00,1.1562299999999992,1.1569899999999993,1.1561199999999991,1.1565199999999993,4640
2026-07-03T03:00:00+00:00,1.1565199999999993,1.1566699999999992,1.1562099999999993,1.1566299999999992,3615
2026-07-03T04:00:00+00:00,1.1566299999999992,1.1571299999999993,1.1564399999999992,1.1571299999999993,2491
2026-07-03T05:00:00+00:00,1.1571299999999993,1.1580099999999993,1.1570699999999992,1.1573999999999993,5462
2026-07-03T06:00:00+00:00,1.1573999999999993,1.1587599999999993,1.1573499999999992,1.1579399999999993,9994
2026-07-03T07:00:00+00:00,1.1579399999999993,1.1583199999999994,1.1572699999999994,1.1579699999999993,7588
2026-07-03T08:00:00+00:00,1.1579699999999993,1.1582899999999992,1.1575699999999993,1.1577999999999993,6586
2026-07-03T09:00:00+00:00,1.1577999999999993,1.1577999999999993,1.1565599999999991,1.1566099999999992,5645
2026-07-03T10:00:00+00:00,1.1566099999999992,1.1575399999999993,1.1565699999999992,1.1571899999999993,4351
2026-07-03T11:00:00+00:00,1.1571899999999993,1.1582399999999993,1.1571299999999993,1.1575599999999993,6001
2026-07-03T12:00:00+00:00,1.1575599999999993,1.1577999999999993,1.1571599999999993,1.1572199999999992,5939
2026-07-03T13:00:00+00:00,1.1572199999999992,1.1573199999999992,1.1563199999999993,1.1565599999999991,6187
2026-07-03T14:00:00+00:00,1.1565599999999991,1.1573099999999992,1.1563999999999992,1.1566799999999993,5892
2026-07-03T15:00:00+00:00,1.1566799999999993,1.1569699999999992,1.1559999999999993,1.1562199999999994,4321
2026-07-03T16:00:00+00:00,1.1562199999999994,1.1564799999999993,1.1560599999999992,1.1562799999999993,2240
2026-07-03T17:00:00+00:00,1.1562799999999993,1.1567399999999992,1.1562799999999993,1.1565599999999991,6662
2026-07-03T18:00:00+00:00,1.1565599999999991,1.1566599999999994,1.1562999999999992,1.1564099999999993,2919
2026-07-03T19:00:00+00:00,1.1564099999999993,1.1565599999999991,1.1560499999999994,1.1561599999999992,2468.463449939686
2026-07-03T20:00:00+00:00,1.1561599999999992,1.1562499999999991,1.1557699999999993,1.1558199999999992,1986.2667228100129
2026-07-05T21:00:00+00:00,1.1558199999999992,1.1558199999999992,1.154689999999999,1.1548899999999993,549.9584987493606
2026-07-05T22:00:00+00:00,1.1548899999999993,1.1552599999999993,1.1547999999999994,1.1551399999999994,2085
2026-07-05T23:00:00+00:00,1.1551399999999994,1.1552999999999993,1.1547799999999993,1.1551599999999993,2450
2026-07-06T00:00:00+00:00,1.1551599999999993,1.1555899999999992,1.1547599999999993,1.1552999999999993,7316
2026-07-06T01:00:00+00:00,1.1552999999999993,1.1553599999999993,1.1543199999999993,1.1543499999999993,6092
2026-07-06T02:00:00+00:00,1.1543499999999993,1.1549999999999994,1.1542499999999993,1.1548599999999993,5109
2026-07-06T03:00:00+00:00,1.1548599999999993,1.1550599999999993,1.1542899999999994,1.1546599999999994,4275
2026-07-06T04:00:00+00:00,1.1546599999999994,1.1548999999999994,1.1546399999999992,1.1547599999999993,3461
2026-07-06T05:00:00+00:00,1.1547599999999993,1.1547999999999994,1.1537699999999993,1.1538399999999993,4483
2026-07-06T06:00:00+00:00,1.1538399999999993,1.1543699999999992,1.1534699999999993,1.1537899999999994,8151
2026-07-06T07:00:00+00:00,1.1537899999999994,1.1543099999999993,1.1531499999999992,1.1541399999999993,10333
2026-07-06T08:00:00+00:00,1.1541399999999993,1.1541899999999994,1.1529999999999994,1.1535399999999993,7096
2026-07-06T09:00:00+00:00,1.1535399999999993,1.1536199999999994,1.1525999999999994,1.1528099999999992,6168
2026-07-06T10:00:00+00:00,1.1528099999999992,1.1536099999999994,1.1524499999999993,1.1534399999999994,5971
2026-07-06T11:00:00+00:00,1.1534399999999994,1.1535099999999994,1.1526699999999994,1.1529999999999994,6125
2026-07-06T12:00:00+00:00,1.1529999999999994,1.1534699999999993,1.1525499999999993,1.1528099999999992,7841
2026-07-06T13:00:00+00:00,1.1528099999999992,1.1537499999999994,1.1523199999999993,1.1527299999999994,10089
2026-07-06T14:00:00+00:00,1.1527299999999994,1.1534899999999992,1.1525399999999992,1.1531999999999993,9835
2026-07-06T15:00:00+00:00,1.1531999999999993,1.1541099999999993,1.1530199999999993,1.1540099999999993,7400
2026-07-06T16:00:00+00:00,1.1540099999999993,1.1546899999999993,1.1539799999999993,1.1545499999999993,5342
2026-07-06T17:00:00+00:00,1.1545499999999993,1.1554299999999993,1.1544999999999994,1.1550999999999993,4111
2026-07-06T18:00:00+00:00,1.1550999999999993,1.1559799999999993,1.1549999999999994,1.1557799999999994,3408
2026-07-06T19:00:00+00:00,1.1557799999999994,1.1557799999999994,1.1552799999999994,1.1555899999999992,4175
2026-07-06T20:00:00+00:00,1.1555899999999992,1.1556799999999994,1.1554499999999994,1.1556199999999994,2045
2026-07-06T21:00:00+00:00,1.1556199999999994,1.1561599999999994,1.1552299999999993,1.1559599999999994,1776
2026-07-06T22:00:00+00:00,1.1559599999999994,1.1560199999999994,1.1557199999999994,1.1559999999999993,1044
2026-07-06T23:00:00+00:00,1.1559999999999993,1.1562899999999994,1.1556099999999994,1.1556299999999993,1719
2026-07-07T00:00:00+00:00,1.1556299999999993,1.1557199999999994,1.1552799999999994,1.1553399999999994,5456
2026-07-07T01:00:00+00:00,1.1553399999999994,1.1562199999999994,1.1551999999999993,1.1558699999999993,6764
2026-07-07T02:00:00+00:00,1.1558699999999993,1.1560899999999994,1.1554299999999993,1.1554299999999993,3991
2026-07-07T03:00:00+00:00,1.1554299999999993,1.1557699999999993,1.1550999999999993,1.1551599999999993,3709
2026-07-07T04:00:00+00:00,1.1551599999999993,1.1554099999999994,1.1550299999999993,1.1550299999999993,3245
2026-07-07T05:00:00+00:00,1.1550299999999993,1.1552199999999992,1.1543099999999993,1.1546599999999994,6036
2026-07-07T06:00:00+00:00,1.1546599999999994,1.1547099999999992,1.1540199999999994,1.1544799999999993,6206
2026-07-07T07:00:00+00:00,1.1544799999999993,1.1546899999999993,1.1539699999999993,1.1539999999999992,7363
2026-07-07T08:00:00+00:00,1.1539999999999992,1.1550599999999993,1.1539799999999993,1.1542799999999993,8054
2026-07-07T09:00:00+00:00,1.1542799999999993,1.1544999999999994,1.1539499999999994,1.1539899999999994,5886
2026-07-07T10:00:00+00:00,1.1539899999999994,1.1549099999999992,1.1538299999999992,1.1548599999999993,4982
2026-07-07T11:00:00+00:00,1.1548599999999993,1.1553999999999993,1.1540199999999994,1.1547299999999994,7489
2026-07-07T12:00:00+00:00,1.1547299999999994,1.1556999999999993,1.1545799999999993,1.1551399999999994,7898
2026-07-07T13:00:00+00:00,1.1551399999999994,1.1556699999999993,1.1545299999999994,1.1551099999999994,11106
2026-07-07T14:00:00+00:00,1.1551099999999994,1.1552699999999994,1.1538499999999994,1.1547899999999993,13135
2026-07-07T15:00:00+00:00,1.1547899999999993,1.1549699999999994,1.1536999999999993,1.1537699999999993,8779
2026-07-07T16:00:00+00:00,1.1537699999999993,1.1540599999999994,1.1532899999999993,1.1538299999999992,6094
2026-07-07T17:00:00+00:00,1.1538299999999992,1.1544199999999993,1.1537099999999993,1.1542999999999992,4337
2026-07-07T18:00:00+00:00,1.1542999999999992,1.1544699999999992,1.1532199999999992,1.1533399999999994,7145
2026-07-07T19:00:00+00:00,1.1533399999999994,1.1534299999999993,1.1522899999999994,1.1531399999999994,9577
2026-07-07T20:00:00+00:00,1.1531399999999994,1.1532099999999994,1.1525199999999993,1.1527099999999992,2340
2026-07-07T21:00:00+00:00,1.1527099999999992,1.1527999999999994,1.1516499999999994,1.1520299999999992,2218.6856350184958
2026-07-07T22:00:00+00:00,1.1520299999999992,1.1523799999999993,1.1518099999999993,1.1521899999999994,1222.7256788207912
2026-07-07T23:00:00+00:00,1.1521899999999994,1.1523299999999994,1.1515199999999994,1.1516499999999994,1627
2026-07-08T00:00:00+00:00,1.1516499999999994,1.1526499999999995,1.1515199999999994,1.1523099999999995,7314
2026-07-08T01:00:00+00:00,1.1523099999999995,1.1524499999999995,1.1513399999999994,1.1520499999999994,6529
2026-07-08T02:00:00+00:00,1.1520499999999994,1.1527599999999996,1.1519599999999994,1.1526299999999994,5196
2026-07-08T03:00:00+00:00,1.1526299999999994,1.1531599999999995,1.1526299999999994,1.1529499999999995,3813
2026-07-08T04:00:00+00:00,1.1529499999999995,1.1530899999999995,1.1525999999999994,1.1529399999999994,3752
2026-07-08T05:00:00+00:00,1.1529399999999994,1.1535699999999995,1.1527499999999995,1.1534599999999995,5893
2026-07-08T06:00:00+00:00,1.1534599999999995,1.1539099999999995,1.1532299999999995,1.1537499999999994,9694
2026-07-08T07:00:00+00:00,1.1537499999999994,1.1546599999999994,1.1531899999999995,1.1540699999999995,10221
2026-07-08T08:00:00+00:00,1.1540699999999995,1.1542599999999994,1.1515499999999994,1.1525299999999994,21483
2026-07-08T09:00:00+00:00,1.1525299999999994,1.1526599999999994,1.1511199999999995,1.1519399999999995,17427
2026-07-08T10:00:00+00:00,1.1519399999999995,1.1529699999999994,1.1516099999999994,1.1523499999999995,9539
2026-07-08T11:00:00+00:00,1.1523499999999995,1.1524699999999994,1.1507999999999994,1.1513299999999995,11190
2026-07-08T12:00:00+00:00,1.1513299999999995,1.1522099999999995,1.1510699999999994,1.1511199999999995,11549
2026-07-08T13:00:00+00:00,1.1511199999999995,1.1528899999999995,1.1510899999999995,1.1524899999999993,15729
2026-07-08T14:00:00+00:00,1.1524899999999993,1.1528299999999994,1.1518299999999995,1.1522399999999995,14063
2026-07-08T15:00:00+00:00,1.1522399999999995,1.1526899999999995,1.1506199999999995,1.1510099999999994,12534
2026-07-08T16:00:00+00:00,1.1510099999999994,1.1529799999999994,1.1509799999999994,1.1529199999999995,10856
2026-07-08T17:00:00+00:00,1.1529199999999995,1.1542099999999995,1.1529199999999995,1.1533499999999994,8006
2026-07-08T18:00:00+00:00,1.1533499999999994,1.1543999999999994,1.1531399999999994,1.1540399999999995,7157
2026-07-08T19:00:00+00:00,1.1540399999999995,1.1545399999999995,1.1537699999999995,1.1542599999999994,5796
2026-07-08T20:00:00+00:00,1.1542599999999994,1.1542899999999994,1.1530099999999994,1.1531099999999994,3061
2026-07-08T21:00:00+00:00,1.1531099999999994,1.1533799999999994,1.1529199999999995,1.153199999999999,799.2510379888672
2026-07-08T22:00:00+00:00,1.153199999999999,1.153409999999999,1.153099999999999,1.153389999999999,927.0231738633995
2026-07-08T23:00:00+00:00,1.153389999999999,1.1537399999999989,1.153239999999999,1.1536399999999989,1146.06796875
2026-07-09T00:00:00+00:00,1.1536399999999989,1.154529999999999,1.1536299999999988,1.1540799999999989,5446
2026-07-09T01:00:00+00:00,1.1540799999999989,1.1542399999999988,1.153509999999999,1.1540799999999989,4908
2026-07-09T02:00:00+00:00,1.1540799999999989,1.1543399999999988,1.1538299999999988,1.1539599999999988,4467
2026-07-09T03:00:00+00:00,1.1539599999999988,1.1545399999999988,1.1537999999999988,1.1541999999999988,4298
2026-07-09T04:00:00+00:00,1.1541999999999988,1.1542499999999989,1.1538299999999988,1.1541799999999989,3061
2026-07-09T05:00:00+00:00,1.1541799999999989,1.1549099999999988,1.154149999999999,1.154589999999999,5597
2026-07-09T06:00:00+00:00,1.154589999999999,1.156459999999999,1.154589999999999,1.155709999999999,9749
2026-07-09T07:00:00+00:00,1.155709999999999,1.1557399999999989,1.154769999999999,1.155069999999999,7879
2026-07-09T08:00:00+00:00,1.155069999999999,1.1553299999999989,1.1540699999999988,1.1541699999999988,7504
2026-07-09T09:00:00+00:00,1.1541699999999988,1.154659999999999,1.1538899999999988,1.154589999999999,6684
2026-07-09T10:00:00+00:00,1.154589999999999,1.1546799999999988,1.153609999999999,1.1538399999999989,6868
2026-07-09T11:00:00+00:00,1.1538399999999989,1.1545099999999988,1.153709999999999,1.154459999999999,6768
2026-07-09T12:00:00+00:00,1.154459999999999,1.1551099999999987,1.1537899999999988,1.1539999999999988,8539
2026-07-09T13:00:00+00:00,1.1539999999999988,1.155439999999999,1.1539099999999989,1.1554299999999988,10068
2026-07-09T14:00:00+00:00,1.1554299999999988,1.156119999999999,1.1546399999999988,1.1548099999999988,12120
2026-07-09T15:00:00+00:00,1.1548099999999988,1.1555599999999988,1.154429999999999,1.1553899999999988,8481
2026-07-09T16:00:00+00:00,1.1553899999999988,1.155649999999999,1.1550199999999988,1.155199999999999,4900
2026-07-09T17:00:00+00:00,1.155199999999999,1.155579999999999,1.154929999999999,1.155269999999999,4268
2026-07-09T18:00:00+00:00,1.155269999999999,1.1553199999999988,1.154659999999999,1.154869999999999,3941
2026-07-09T19:00:00+00:00,1.154869999999999,1.1549499999999988,1.1540699999999988,1.1542799999999989,3470
2026-07-09T20:00:00+00:00,1.1542799999999989,1.154559999999999,1.1542399999999988,1.1545099999999988,1863
2026-07-09T21:00:00+00:00,1.1545099999999988,1.154629999999999,1.154289999999999,1.1542999999999988,2164.0838306433598
2026-07-09T22:00:00+00:00,1.1542999999999988,1.1548799999999988,1.1542999999999988,1.1548599999999989,695
2026-07-09T23:00:00+00:00,1.1548599999999989,1.1549199999999988,1.1546699999999988,1.1548199999999988,939
2026-07-10T00:00:00+00:00,1.1548199999999988,1.1557299999999988,1.154559999999999,1.1555299999999988,5346
2026-07-10T01:00:00+00:00,1.1555299999999988,1.156489999999999,1.1553199999999988,1.1562299999999988,8318
2026-07-10T02:00:00+00:00,1.1562299999999988,1.1575999999999989,1.1562099999999988,1.157339999999999,9304
2026-07-10T03:00:00+00:00,1.157339999999999,1.1574499999999988,1.1562399999999988,1.1564499999999989,4318
2026-07-10T04:00:00+00:00,1.1564499999999989,1.1564499999999989,1.1554699999999989,1.155779999999999,3753
2026-07-10T05:00:00+00:00,1.155779999999999,1.1559599999999988,1.155069999999999,1.1554599999999988,4456
2026-07-10T06:00:00+00:00,1.1554599999999988,1.156259999999999,1.1554199999999988,1.1557199999999987,8127
2026-07-10T07:00:00+00:00,1.1557199999999987,1.155749999999999,1.155169999999999,1.155239999999999,8165
2026-07-10T08:00:00+00:00,1.155239999999999,1.1557399999999989,1.1545499999999989,1.154559999999999,9129
2026-07-10T09:00:00+00:00,1.154559999999999,1.1549399999999987,1.1541799999999989,1.1542399999999988,5926
2026-07-10T10:00:00+00:00,1.1542399999999988,1.1550499999999988,1.1541799999999989,1.1548499999999988,6161
2026-07-10T11:00:00+00:00,1.1548499999999988,1.155039999999999,1.1541699999999988,1.1546099999999988,6681
2026-07-10T12:00:00+00:00,1.1546099999999988,1.1556899999999988,1.1538399999999989,1.154429999999999,10821
2026-07-10T13:00:00+00:00,1.154429999999999,1.154459999999999,1.1534699999999989,1.1535899999999988,9316
2026-07-10T14:00:00+00:00,1.1535899999999988,1.154359999999999,1.1526899999999989,1.1537599999999988,14727
2026-07-10T15:00:00+00:00,1.1537599999999988,1.1554199999999988,1.153649999999999,1.1552799999999988,10544
2026-07-10T16:00:00+00:00,1.1552799999999988,1.155639999999999,1.1544699999999988,1.1544799999999988,8004
2026-07-10T17:00:00+00:00,1.1544799999999988,1.1546399999999988,1.1531799999999988,1.1532799999999988,5335
2026-07-10T18:00:00+00:00,1.1532799999999988,1.1533299999999989,1.1526899999999989,1.1531599999999989,5659
2026-07-10T19:00:00+00:00,1.1531599999999989,1.153239999999999,1.152899999999999,1.1530899999999988,3877
2026-07-10T20:00:00+00:00,1.1530899999999988,1.153339999999999,1.152659999999999,1.1529799999999988,2709.587559022788
2026-07-12T21:00:00+00:00,1.1529799999999988,1.1534999999999984,1.1529799999999988,1.1532399999999985,429.22260849602446
2026-07-12T22:00:00+00:00,1.1532399999999985,1.1532799999999985,1.1518199999999985,1.1524499999999984,4225
2026-07-12T23:00:00+00:00,1.1524499999999984,1.1533999999999984,1.1522799999999984,1.1533999999999984,3465
2026-07-13T00:00:00+00:00,1.1533999999999984,1.1535199999999985,1.1524399999999986,1.1525199999999984,8731
2026-07-13T01:00:00+00:00,1.1525199999999984,1.1527399999999985,1.1514099999999985,1.1527199999999984,9288
2026-07-13T02:00:00+00:00,1.1527199999999984,1.1529599999999984,1.1523299999999985,1.1523999999999985,5686
2026-07-13T03:00:00+00:00,1.1523999999999985,1.1528799999999986,1.1520499999999985,1.1528799999999986,4455
2026-07-13T04:00:00+00:00,1.1528799999999986,1.1534899999999986,1.1526699999999985,1.1533599999999984,3379
2026-07-13T05:00:00+00:00,1.1533599999999984,1.1538999999999986,1.1526599999999985,1.1528299999999985,8256
2026-07-13T06:00:00+00:00,1.1528299999999985,1.1537399999999984,1.1525599999999985,1.1530699999999985,9910
2026-07-13T07:00:00+00:00,1.1530699999999985,1.1555999999999984,1.1530699999999985,1.1554599999999986,12402
2026-07-13T08:00:00+00:00,1.1554599999999986,1.1575699999999984,1.1553999999999984,1.1565799999999984,14765
2026-07-13T09:00:00+00:00,1.1565799999999984,1.1567199999999984,1.1557199999999985,1.1561299999999985,8324
2026-07-13T10:00:00+00:00,1.1561299999999985,1.1565399999999986,1.1555799999999985,1.1565399999999986,7431
2026-07-13T11:00:00+00:00,1.1565399999999986,1.1567099999999986,1.1554999999999984,1.1557299999999986,7961
2026-07-13T12:00:00+00:00,1.1557299999999986,1.1560699999999986,1.1550399999999985,1.1560599999999985,10459
2026-07-13T13:00:00+00:00,1.1560599999999985,1.1563099999999984,1.1544099999999984,1.1544299999999985,12592
2026-07-13T14:00:00+00:00,1.1544299999999985,1.1545899999999985,1.1527999999999985,1.1535999999999984,18590
2026-07-13T15:00:00+00:00,1.1535999999999984,1.1536399999999984,1.1526299999999985,1.1531399999999985,9861
2026-07-13T16:00:00+00:00,1.1531399999999985,1.1532499999999986,1.1512499999999986,1.1518599999999986,13350
2026-07-13T17:00:00+00:00,1.1518599999999986,1.1520599999999985,1.1515199999999985,1.1516099999999985,6538
2026-07-13T18:00:00+00:00,1.1516099999999985,1.1518699999999984,1.1514599999999986,1.1517299999999986,5821
2026-07-13T19:00:00+00:00,1.1517299999999986,1.1517699999999984,1.1511499999999986,1.1513399999999985,5289
2026-07-13T20:00:00+00:00,1.1513399999999985,1.1514199999999986,1.1507399999999985,1.1511399999999985,2245
2026-07-13T21:00:00+00:00,1.1511399999999985,1.1516899999999983,1.1510399999999983,1.1512499999999983,1876.0735343106944
2026-07-13T22:00:00+00:00,1.1512499999999983,1.1517899999999983,1.1512399999999983,1.1512399999999983,1587
2026-07-13T23:00:00+00:00,1.1512399999999983,1.1515499999999983,1.1511699999999983,1.1514999999999984,2890
2026-07-14T00:00:00+00:00,1.1514999999999984,1.1520999999999983,1.1509799999999983,1.1516399999999984,11400
2026-07-14T01:00:00+00:00,1.1516399999999984,1.1522099999999984,1.1516099999999982,1.1520399999999984,7832
2026-07-14T02:00:00+00:00,1.1520399999999984,1.1525899999999984,1.1520399999999984,1.1522299999999983,5669
2026-07-14T03:00:00+00:00,1.1522299999999983,1.1528299999999982,1.1519899999999983,1.1525199999999984,5793
2026-07-14T04:00:00+00:00,1.1525199999999984,1.1526199999999984,1.1519099999999984,1.1522199999999982,5000
2026-07-14T05:00:00+00:00,1.1522199999999982,1.1527499999999984,1.1522099999999984,1.1523399999999984,5372
2026-07-14T06:00:00+00:00,1.1523399999999984,1.1525399999999983,1.1516199999999983,1.1517799999999982,8404
2026-07-14T07:00:00+00:00,1.1517799999999982,1.1529199999999984,1.1515799999999983,1.1527499999999984,9719
2026-07-14T08:00:00+00:00,1.1527499999999984,1.1537599999999983,1.1524799999999984,1.1531099999999983,9706
2026-07-14T09:00:00+00:00,1.1531099999999983,1.1535299999999984,1.1526499999999984,1.1532599999999984,8028
2026-07-14T10:00:00+00:00,1.1532599999999984,1.1533299999999984,1.1522599999999983,1.1523499999999984,7615
2026-07-14T11:00:00+00:00,1.1523499999999984,1.1540999999999983,1.1521499999999982,1.1538199999999983,8772
2026-07-14T12:00:00+00:00,1.1538199999999983,1.1593899999999984,1.1535599999999984,1.1577599999999983,30846
2026-07-14T13:00:00+00:00,1.1577599999999983,1.1586699999999983,1.1573199999999984,1.1583099999999984,25592
2026-07-14T14:00:00+00:00,1.1583099999999984,1.1590599999999984,1.1571799999999983,1.1576799999999983,19896
2026-07-14T15:00:00+00:00,1.1576799999999983,1.1585299999999983,1.1557399999999984,1.1558699999999984,16872
2026-07-14T16:00:00+00:00,1.1558699999999984,1.1565999999999983,1.1555799999999983,1.1563599999999983,7955
2026-07-14T17:00:00+00:00,1.1563599999999983,1.1564899999999982,1.1550899999999984,1.1554999999999984,6989
2026-07-14T18:00:00+00:00,1.1554999999999984,1.1557999999999984,1.1547799999999984,1.1554999999999984,6137
2026-07-14T19:00:00+00:00,1.1554999999999984,1.1557699999999984,1.1551999999999982,1.1551999999999982,6147
2026-07-14T20:00:00+00:00,1.1551999999999982,1.1554099999999983,1.1549999999999983,1.1551499999999983,2605
2026-07-14T21:00:00+00:00,1.1551499999999983,1.1553599999999984,1.1548399999999983,1.1549699999999983,2225
2026-07-14T22:00:00+00:00,1.1549699999999983,1.1554499999999983,1.1548999999999983,1.1552199999999984,1799
2026-07-14T23:00:00+00:00,1.1552199999999984,1.1556499999999983,1.1551599999999984,1.1555999999999984,1713
2026-07-15T00:00:00+00:00,1.1555999999999984,1.1565799999999984,1.1555499999999983,1.1564699999999983,5389
2026-07-15T01:00:00+00:00,1.1564699999999983,1.1568999999999983,1.1564099999999984,1.1567099999999984,6575
2026-07-15T02:00:00+00:00,1.1567099999999984,1.1573799999999983,1.1564899999999982,1.1571899999999984,5056
2026-07-15T03:00:00+00:00,1.1571899999999984,1.1573899999999984,1.1564999999999983,1.1569599999999984,4435
2026-07-15T04:00:00+00:00,1.1569599999999984,1.1572399999999983,1.1568099999999983,1.1568499999999984,3283
2026-07-15T05:00:00+00:00,1.1568499999999984,1.1574899999999984,1.1566899999999984,1.1571999999999982,5273
2026-07-15T06:00:00+00:00,1.1571999999999982,1.1575399999999982,1.1559599999999983,1.1560299999999983,8390
2026-07-15T07:00:00+00:00,1.1560299999999983,1.1563599999999983,1.1551499999999983,1.1554999999999984,9839
2026-07-15T08:00:00+00:00,1.1554999999999984,1.1559099999999984,1.1552599999999984,1.1555899999999983,7528
2026-07-15T09:00:00+00:00,1.1555899999999983,1.1557599999999983,1.1548199999999984,1.1548599999999984,7796
2026-07-15T10:00:00+00:00,1.1548599999999984,1.1549899999999984,1.1542299999999983,1.1547499999999984,7294
2026-07-15T11:00:00+00:00,1.1547499999999984,1.1550999999999982,1.1541699999999984,1.1543399999999984,8526
2026-07-15T12:00:00+00:00,1.1543399999999984,1.1561799999999984,1.1537499999999983,1.1560099999999984,13065
2026-07-15T13:00:00+00:00,1.1560099999999984,1.1567099999999984,1.1555299999999984,1.1561699999999984,13628
2026-07-15T14:00:00+00:00,1.1561699999999984,1.1573099999999983,1.1561699999999984,1.1568599999999984,16222
2026-07-15T15:00:00+00:00,1.1568599999999984,1.1573199999999984,1.1563399999999984,1.1566899999999984,11894
2026-07-15T16:00:00+00:00,1.1566899999999984,1.1573899999999984,1.1561899999999983,1.1573799999999983,10138
2026-07-15T17:00:00+00:00,1.1573799999999983,1.1606399999999983,1.1573599999999984,1.1604899999999982,11346
2026-07-15T18:00:00+00:00,1.1604899999999982,1.1614199999999983,1.1597599999999983,1.1598299999999984,8003
2026-07-15T19:00:00+00:00,1.1598299999999984,1.1606399999999983,1.1593099999999983,1.1595599999999984,8824
2026-07-15T20:00:00+00:00,1.1595599999999984,1.1596199999999983,1.1591499999999983,1.1591799999999983,2283
2026-07-15T21:00:00+00:00,1.1591799999999983,1.1597399999999984,1.1591399999999983,1.1593899999999984,1562.7231570204965
2026-07-15T22:00:00+00:00,1.1593899999999984,1.1600299999999983,1.1593899999999984,1.1599399999999984,1324.1089622028508
2026-07-15T23:00:00+00:00,1.1599399999999984,1.1602999999999986,1.1598899999999983,1.1601999999999986,1734.0397751229796
2026-07-16T00:00:00+00:00,1.1601999999999986,1.1606799999999986,1.1599499999999985,1.1606099999999986,6523
2026-07-16T01:00:00+00:00,1.1606099999999986,1.1606299999999985,1.1597299999999986,1.1598099999999985,6554
2026-07-16T02:00:00+00:00,1.1598099999999985,1.1598199999999985,1.1592499999999986,1.1596899999999986,4564
2026-07-16T03:00:00+00:00,1.1596899999999986,1.1601099999999984,1.1595599999999986,1.1598899999999985,3559
2026-07-16T04:00:00+00:00,1.1598899999999985,1.1599299999999986,1.1595299999999986,1.1598499999999985,3311
2026-07-16T05:00:00+00:00,1.1598499999999985,1.1601099999999984,1.1594499999999985,1.1595599999999986,5463
2026-07-16T06:00:00+00:00,1.1595599999999986,1.1603199999999985,1.1595499999999985,1.1600599999999985,7469
2026-07-16T07:00:00+00:00,1.1600599999999985,1.1608499999999986,1.1598899999999985,1.1601499999999985,8046
2026-07-16T08:00:00+00:00,1.1601499999999985,1.1604099999999986,1.1594699999999984,1.1598099999999985,8870
2026-07-16T09:00:00+00:00,1.1598099999999985,1.1600399999999986,1.1592799999999985,1.1598499999999985,6684
2026-07-16T10:00:00+00:00,1.1598499999999985,1.1600599999999985,1.1591499999999986,1.1591999999999985,6304
2026-07-16T11:00:00+00:00,1.1591999999999985,1.1601099999999984,1.1589099999999986,1.1600799999999984,8979
2026-07-16T12:00:00+00:00,1.1600799999999984,1.1602999999999986,1.1579199999999985,1.1579699999999986,12039
2026-07-16T13:00:00+00:00,1.1579699999999986,1.1591299999999984,1.1576799999999985,1.1581899999999985,12820
2026-07-16T14:00:00+00:00,1.1581899999999985,1.1586099999999986,1.1572299999999984,1.1575199999999986,12583
2026-07-16T15:00:00+00:00,1.1575199999999986,1.1581799999999984,1.1568699999999985,1.1579199999999985,9155
2026-07-16T16:00:00+00:00,1.1579199999999985,1.1579399999999984,1.1566299999999985,1.1566999999999985,6970
2026-07-16T17:00:00+00:00,1.1566999999999985,1.1570599999999984,1.1563399999999986,1.1568699999999985,5374
2026-07-16T18:00:00+00:00,1.1568699999999985,1.1571399999999985,1.1567299999999985,1.1570699999999985,4897
2026-07-16T19:00:00+00:00,1.1570699999999985,1.1573899999999986,1.1566599999999985,1.1572699999999985,4948
2026-07-16T20:00:00+00:00,1.1572699999999985,1.1576499999999985,1.1570899999999986,1.1573999999999984,2479
2026-07-16T21:00:00+00:00,1.1573999999999984,1.1575299999999984,1.1570899999999986,1.1575099999999985,506.82912470167423
2026-07-16T22:00:00+00:00,1.1575099999999985,1.1578099999999985,1.1574999999999984,1.1576599999999984,889.7322314049586
2026-07-16T23:00:00+00:00,1.1576599999999984,1.1579699999999984,1.1575899999999983,1.1578399999999982,1412.4355400696863
2026-07-17T00:00:00+00:00,1.1578399999999982,1.1580099999999982,1.1574399999999982,1.1580099999999982,5619
2026-07-17T01:00:00+00:00,1.1580099999999982,1.1581299999999983,1.1570599999999982,1.1572399999999983,5181
2026-07-17T02:00:00+00:00,1.1572399999999983,1.1574599999999984,1.1569899999999982,1.1570199999999984,4283
2026-07-17T03:00:00+00:00,1.1570199999999984,1.1573299999999982,1.1569099999999983,1.1572499999999983,3502
2026-07-17T04:00:00+00:00,1.1572499999999983,1.1572599999999982,1.1567899999999982,1.1569299999999982,2921
2026-07-17T05:00:00+00:00,1.1569299999999982,1.1576799999999983,1.1568899999999982,1.1572899999999984,4926
2026-07-17T06:00:00+00:00,1.1572899999999984,1.1585299999999983,1.1572899999999984,1.1582999999999983,7969
2026-07-17T07:00:00+00:00,1.1582999999999983,1.1585399999999983,1.1577499999999983,1.1577999999999984,6725
2026-07-17T08:00:00+00:00,1.1577999999999984,1.1581099999999982,1.1568999999999983,1.1574399999999982,9069
2026-07-17T09:00:00+00:00,1.1574399999999982,1.1575599999999984,1.1569599999999982,1.1573599999999984,7361
2026-07-17T10:00:00+00:00,1.1573599999999984,1.1573599999999984,1.1559299999999983,1.1559999999999984,7543
2026-07-17T11:00:00+00:00,1.1559999999999984,1.1569299999999982,1.1557799999999983,1.1563299999999983,7302
2026-07-17T12:00:00+00:00,1.1563299999999983,1.1568599999999982,1.1558299999999984,1.1562299999999983,7403
2026-07-17T13:00:00+00:00,1.1562299999999983,1.1569899999999982,1.1557699999999982,1.1568999999999983,12920
2026-07-17T14:00:00+00:00,1.1568999999999983,1.1577399999999982,1.1566199999999982,1.1572999999999982,11095
2026-07-17T15:00:00+00:00,1.1572999999999982,1.1577699999999982,1.1570499999999984,1.1573199999999984,9020
2026-07-17T16:00:00+00:00,1.1573199999999984,1.1574799999999983,1.1567499999999984,1.1571499999999983,6949
2026-07-17T17:00:00+00:00,1.1571499999999983,1.1571999999999982,1.1566499999999982,1.1567499999999984,4732
2026-07-17T18:00:00+00:00,1.1567499999999984,1.1570599999999982,1.1566899999999982,1.1568599999999982,4360
2026-07-17T19:00:00+00:00,1.1568599999999982,1.1574599999999984,1.1566999999999983,1.1574199999999983,3742
2026-07-17T20:00:00+00:00,1.1574199999999983,1.1575599999999984,1.1569499999999984,1.1571099999999985,2484.873015873016
2026-07-19T21:00:00+00:00,1.1571099999999985,1.1571099999999985,1.1566499999999982,1.1567699999999983,291.6414683814901
2026-07-19T22:00:00+00:00,1.1567699999999983,1.1573099999999983,1.1566499999999984,1.1568199999999984,3152
2026-07-19T23:00:00+00:00,1.1568199999999984,1.1569199999999984,1.1565399999999983,1.1569099999999983,2412
2026-07-20T00:00:00+00:00,1.1569099999999983,1.1575199999999983,1.1568099999999983,1.1575099999999983,5271
2026-07-20T01:00:00+00:00,1.1575099999999983,1.1578099999999982,1.1573199999999984,1.1577699999999984,6550
2026-07-20T02:00:00+00:00,1.1577699999999984,1.1584599999999983,1.1576399999999982,1.1582599999999983,4910
2026-07-20T03:00:00+00:00,1.1582599999999983,1.1584299999999983,1.1581399999999984,1.1583599999999983,3247
2026-07-20T04:00:00+00:00,1.1583599999999983,1.1586799999999984,1.1582999999999983,1.1586099999999984,3000
2026-07-20T05:00:00+00:00,1.1586099999999984,1.1586599999999982,1.1581799999999982,1.1581899999999983,3906
2026-07-20T06:00:00+00:00,1.1581899999999983,1.1583999999999983,1.1575799999999983,1.1576799999999983,7126
2026-07-20T07:00:00+00:00,1.1576799999999983,1.1591299999999982,1.1575999999999984,1.1585899999999982,10008
2026-07-20T08:00:00+00:00,1.1585899999999982,1.1587099999999984,1.1579199999999983,1.1580699999999984,6579
2026-07-20T09:00:00+00:00,1.1580699999999984,1.1581399999999984,1.1569099999999983,1.1571699999999983,5939
2026-07-20T10:00:00+00:00,1.1571699999999983,1.1577699999999984,1.1570099999999983,1.1572799999999983,5383
2026-07-20T11:00:00+00:00,1.1572799999999983,1.1582099999999984,1.1569799999999983,1.1571199999999984,9753
2026-07-20T12:00:00+00:00,1.1571199999999984,1.1571799999999983,1.1558699999999984,1.1565399999999983,10131
2026-07-20T13:00:00+00:00,1.1565399999999983,1.1566299999999983,1.1556199999999983,1.1556899999999983,8639
2026-07-20T14:00:00+00:00,1.1556899999999983,1.1559399999999984,1.1544199999999982,1.1548299999999982,9983
2026-07-20T15:00:00+00:00,1.1548299999999982,1.1554099999999983,1.1546499999999984,1.1553099999999983,8713
2026-07-20T16:00:00+00:00,1.1553099999999983,1.1558899999999983,1.1549299999999982,1.1553299999999984,6721
2026-07-20T17:00:00+00:00,1.1553299999999984,1.1557099999999982,1.1552899999999984,1.1555699999999982,4644
2026-07-20T18:00:00+00:00,1.1555699999999982,1.1560599999999983,1.1554999999999982,1.1556999999999984,4464
2026-07-20T19:00:00+00:00,1.1556999999999984,1.1559899999999983,1.1555199999999983,1.1557499999999983,4514
2026-07-20T20:00:00+00:00,1.1557499999999983,1.1558699999999984,1.1554399999999982,1.1555499999999983,1698
2026-07-20T21:00:00+00:00,1.1555499999999983,1.1556899999999983,1.1550999999999982,1.1551599999999982,909.8174470168688
2026-07-20T22:00:00+00:00,1.1551599999999982,1.155549999999998,1.1551599999999982,1.1554899999999981,1595
2026-07-20T23:00:00+00:00,1.1554899999999981,1.155789999999998,1.1554299999999982,1.1557799999999983,1238
2026-07-21T00:00:00+00:00,1.1557799999999983,1.156019999999998,1.1553299999999982,1.155509999999998,4386
2026-07-21T01:00:00+00:00,1.155509999999998,1.155849999999998,1.1553999999999982,1.1556399999999982,4629
2026-07-21T02:00:00+00:00,1.1556399999999982,1.1557999999999982,1.1552299999999982,1.1552899999999982,3446
2026-07-21T03:00:00+00:00,1.1552899999999982,1.155719999999998,1.155079999999998,1.1554299999999982,3084
2026-07-21T04:00:00+00:00,1.1554299999999982,1.155989999999998,1.155409999999998,1.1559799999999982,2522
2026-07-21T05:00:00+00:00,1.1559799999999982,1.156359999999998,1.1557699999999982,1.1559499999999983,3537
2026-07-21T06:00:00+00:00,1.1559499999999983,1.1565399999999981,1.1559099999999982,1.1563099999999982,6160
2026-07-21T07:00:00+00:00,1.1563099999999982,1.156939999999998,1.1562399999999982,1.156459999999998,6935
2026-07-21T08:00:00+00:00,1.156459999999998,1.156799999999998,1.1560099999999982,1.156289999999998,5602
2026-07-21T09:00:00+00:00,1.156289999999998,1.157039999999998,1.1561999999999981,1.156429999999998,4696
2026-07-21T10:00:00+00:00,1.156429999999998,1.157039999999998,1.1561799999999982,1.1561999999999981,5914
2026-07-21T11:00:00+00:00,1.1561999999999981,1.1564799999999982,1.1558399999999982,1.1560999999999981,5809
2026-07-21T12:00:00+00:00,1.1560999999999981,1.156229999999998,1.1555299999999982,1.1558999999999982,7382
2026-07-21T13:00:00+00:00,1.1558999999999982,1.155959999999998,1.1547299999999983,1.1553199999999981,9711
2026-07-21T14:00:00+00:00,1.1553199999999981,1.1561499999999982,1.1544399999999981,1.154769999999998,10832
2026-07-21T15:00:00+00:00,1.154769999999998,1.1553299999999982,1.154459999999998,1.1549199999999982,8175
2026-07-21T16:00:00+00:00,1.1549199999999982,1.1552699999999982,1.154869999999998,1.1549899999999982,3794
2026-07-21T17:00:00+00:00,1.1549899999999982,1.155239999999998,1.1548199999999982,1.1548599999999982,2885
2026-07-21T18:00:00+00:00,1.1548599999999982,1.154869999999998,1.1540399999999982,1.1544799999999982,4506
2026-07-21T19:00:00+00:00,1.1544799999999982,1.1545899999999982,1.154229999999998,1.1543499999999982,3462
2026-07-21T20:00:00+00:00,1.1543499999999982,1.1544899999999982,1.1538999999999981,1.154019999999998,1858
2026-07-21T21:00:00+00:00,1.154019999999998,1.154259999999998,1.1537399999999982,1.154149999999998,456.3385838399734
2026-07-21T22:00:00+00:00,1.154149999999998,1.154259999999998,1.1540699999999982,1.1541399999999982,1001.6270137776987
2026-07-21T23:00:00+00:00,1.1541399999999982,1.1544399999999981,1.154019999999998,1.154419999999998,1225
2026-07-22T00:00:00+00:00,1.154419999999998,1.154919999999998,1.154299999999998,1.154599999999998,6205
2026-07-22T01:00:00+00:00,1.154599999999998,1.154869999999998,1.154079999999998,1.154489999999998,4458
2026-07-22T02:00:00+00:00,1.154489999999998,1.155199999999998,1.154309999999998,1.1547799999999981,4164
2026-07-22T03:00:00+00:00,1.1547799999999981,1.154999999999998,1.154629999999998,1.154929999999998,3418
2026-07-22T04:00:00+00:00,1.154929999999998,1.1550499999999981,1.154689999999998,1.155039999999998,2223
2026-07-22T05:00:00+00:00,1.155039999999998,1.155169999999998,1.154759999999998,1.1551499999999981,4396
2026-07-22T06:00:00+00:00,1.1551499999999981,1.155579999999998,1.154929999999998,1.155399999999998,7258
2026-07-22T07:00:00+00:00,1.155399999999998,1.1560299999999981,1.154549999999998,1.155129999999998,8805
2026-07-22T08:00:00+00:00,1.155129999999998,1.155449999999998,1.1546099999999981,1.155199999999998,7453
2026-07-22T09:00:00+00:00,1.155199999999998,1.155529999999998,1.154629999999998,1.1546799999999982,6738
2026-07-22T10:00:00+00:00,1.1546799999999982,1.154959999999998,1.1542399999999982,1.1545799999999982,6504
2026-07-22T11:00:00+00:00,1.1545799999999982,1.154939999999998,1.1544399999999981,1.154889999999998,7260
2026-07-22T12:00:00+00:00,1.154889999999998,1.155569999999998,1.154599999999998,1.154989999999998,8006
2026-07-22T13:00:00+00:00,1.154989999999998,1.156359999999998,1.154939999999998,1.1555599999999981,9396
2026-07-22T14:00:00+00:00,1.1555599999999981,1.156049999999998,1.154989999999998,1.155129999999998,10139
2026-07-22T15:00:00+00:00,1.155129999999998,1.1555899999999981,1.1549499999999981,1.155569999999998,7424
2026-07-22T16:00:00+00:00,1.155569999999998,1.155609999999998,1.154829999999998,1.1551199999999981,5970
2026-07-22T17:00:00+00:00,1.1551199999999981,1.155469999999998,1.155009999999998,1.155209999999998,3785
2026-07-22T18:00:00+00:00,1.155209999999998,1.1553199999999981,1.155009999999998,1.155299999999998,3450
2026-07-22T19:00:00+00:00,1.155299999999998,1.155429999999998,1.155129999999998,1.155329999999998,2961
2026-07-22T20:00:00+00:00,1.155329999999998,1.155469999999998,1.155259999999998,1.155299999999998,2088
2026-07-22T21:00:00+00:00,1.155299999999998,1.155299999999998,1.154739999999998,1.154939999999998,909.2672691295854
2026-07-22T22:00:00+00:00,1.154939999999998,1.155109999999998,1.154799999999998,1.154999999999998,1425
2026-07-22T23:00:00+00:00,1.154999999999998,1.1553599999999982,1.154999999999998,1.155349999999998,1422.9497784342689
2026-07-23T00:00:00+00:00,1.155349999999998,1.155959999999998,1.1552499999999981,1.155919999999998,4543
2026-07-23T01:00:00+00:00,1.155919999999998,1.156229999999998,1.155809999999998,1.155839999999998,6312
2026-07-23T02:00:00+00:00,1.155839999999998,1.1570199999999982,1.155819999999998,1.1569499999999981,4123
2026-07-23T03:00:00+00:00,1.1569499999999981,1.157259999999998,1.1565399999999981,1.1571199999999982,4648
2026-07-23T04:00:00+00:00,1.1571199999999982,1.157779999999998,1.157039999999998,1.1574599999999982,5132
2026-07-23T05:00:00+00:00,1.1574599999999982,1.157699999999998,1.157079999999998,1.157179999999998,3930
2026-07-23T06:00:00+00:00,1.157179999999998,1.157509999999998,1.1565799999999982,1.156739999999998,5942
2026-07-23T07:00:00+00:00,1.156739999999998,1.156959999999998,1.1561699999999981,1.156649999999998,8469
2026-07-23T08:00:00+00:00,1.156649999999998,1.156719999999998,1.154899999999998,1.155259999999998,8586
2026-07-23T09:00:00+00:00,1.155259999999998,1.155719999999998,1.155169999999998,1.155509999999998,6665
2026-07-23T10:00:00+00:00,1.155509999999998,1.155529999999998,1.154519999999998,1.154649999999998,7316
2026-07-23T11:00:00+00:00,1.154649999999998,1.154869999999998,1.152549999999998,1.1536599999999981,11351
2026-07-23T12:00:00+00:00,1.1536599999999981,1.153719999999998,1.151769999999998,1.152699999999998,11907
2026-07-23T13:00:00+00:00,1.152699999999998,1.152819999999998,1.151009999999998,1.151449999999998,16943
2026-07-23T14:00:00+00:00,1.151449999999998,1.151809999999998,1.150589999999998,1.1513599999999982,15645
2026-07-23T15:00:00+00:00,1.1513599999999982,1.1517999999999982,1.150789999999998,1.151479999999998,13297
2026-07-23T16:00:00+00:00,1.151479999999998,1.152229999999998,1.1514599999999982,1.152209999999998,7896
2026-07-23T17:00:00+00:00,1.152209999999998,1.152289999999998,1.151339999999998,1.151349999999998,6716
2026-07-23T18:00:00+00:00,1.151349999999998,1.151839999999998,1.1513199999999981,1.151819999999998,4269
2026-07-23T19:00:00+00:00,1.151819999999998,1.1521999999999981,1.1515899999999981,1.151949999999998,4444
2026-07-23T20:00:00+00:00,1.151949999999998,1.152189999999998,1.151539999999998,1.151549999999998,1964
2026-07-23T21:00:00+00:00,1.151549999999998,1.1521399999999982,1.151339999999998,1.1515899999999981,635.0689355173339
2026-07-23T22:00:00+00:00,1.1515899999999981,1.152189999999998,1.1515899999999981,1.1521499999999982,1095
2026-07-23T23:00:00+00:00,1.1521499999999982,1.1521999999999981,1.151789999999998,1.151859999999998,1893
2026-07-24T00:00:00+00:00,1.151859999999998,1.1526199999999982,1.1517399999999982,1.1526199999999982,6017
2026-07-24T01:00:00+00:00,1.1526199999999982,1.1529199999999982,1.152389999999998,1.1526099999999981,5599
2026-07-24T02:00:00+00:00,1.1526099999999981,1.152969999999998,1.152299999999998,1.152299999999998,4192
2026-07-24T03:00:00+00:00,1.152299999999998,1.152459999999998,1.151989999999998,1.1524399999999981,3578
2026-07-24T04:00:00+00:00,1.1524399999999981,1.152599999999998,1.151879999999998,1.152129999999998,2949
2026-07-24T05:00:00+00:00,1.152129999999998,1.1525499999999982,1.151849999999998,1.151989999999998,3844
2026-07-24T06:00:00+00:00,1.151989999999998,1.152909999999998,1.1519399999999982,1.152899999999998,6672
2026-07-24T07:00:00+00:00,1.152899999999998,1.154329999999998,1.1528499999999982,1.1531899999999982,8377
2026-07-24T08:00:00+00:00,1.1531899999999982,1.1532599999999982,1.1523399999999981,1.152559999999998,7870
2026-07-24T09:00:00+00:00,1.152559999999998,1.1531299999999982,1.1524499999999982,1.1531299999999982,6380
2026-07-24T10:00:00+00:00,1.1531299999999982,1.153509999999998,1.152299999999998,1.1525099999999981,5820
2026-07-24T11:00:00+00:00,1.1525099999999981,1.1530299999999982,1.1513299999999982,1.151679999999998,7145
2026-07-24T12:00:00+00:00,1.151679999999998,1.1520399999999982,1.1509499999999981,1.151209999999998,8467
2026-07-24T13:00:00+00:00,1.151209999999998,1.151879999999998,1.1507099999999981,1.1518699999999982,10158
2026-07-24T14:00:00+00:00,1.1518699999999982,1.152299999999998,1.151249999999998,1.1520299999999981,11559
2026-07-24T15:00:00+00:00,1.1520299999999981,1.1532899999999981,1.151919999999998,1.152669999999998,12914
2026-07-24T16:00:00+00:00,1.152669999999998,1.1528599999999982,1.1519799999999982,1.1519799999999982,4833
2026-07-24T17:00:00+00:00,1.1519799999999982,1.1519999999999981,1.150969999999998,1.1511599999999982,4875
2026-07-24T18:00:00+00:00,1.1511599999999982,1.1513299999999982,1.1509499999999981,1.1511999999999982,3230
2026-07-24T19:00:00+00:00,1.1511999999999982,1.151439999999998,1.1510299999999982,1.151209999999998,3551
2026-07-24T20:00:00+00:00,1.151209999999998,1.1512999999999982,1.1509499999999981,1.151129999999998,1904.2144082332761
2026-07-26T21:00:00+00:00,1.151129999999998,1.151769999999998,1.150909999999998,1.150999999999998,1070.2589002804648
2026-07-26T22:00:00+00:00,1.150999999999998,1.152239999999998,1.1509799999999981,1.151159999999998,3615
2026-07-26T23:00:00+00:00,1.151159999999998,1.151739999999998,1.151059999999998,1.151679999999998,2371.3168232280104
2026-07-27T00:00:00+00:00,1.151679999999998,1.1535199999999979,1.151679999999998,1.152379999999998,9096
2026-07-27T01:00:00+00:00,1.152379999999998,1.153649999999998,1.152379999999998,1.153649999999998,6555
2026-07-27T02:00:00+00:00,1.153649999999998,1.153659999999998,1.152779999999998,1.152779999999998,4794
2026-07-27T03:00:00+00:00,1.152779999999998,1.1529399999999979,1.152359999999998,1.152589999999998,3297
2026-07-27T04:00:00+00:00,1.152589999999998,1.1527399999999979,1.152429999999998,1.152589999999998,2313
2026-07-27T05:00:00+00:00,1.152589999999998,1.152979999999998,1.1524699999999979,1.1528399999999979,3516
2026-07-27T06:00:00+00:00,1.1528399999999979,1.154049999999998,1.152779999999998,1.153039999999998,7757
2026-07-27T07:00:00+00:00,1.153039999999998,1.153209999999998,1.151829999999998,1.151839999999998,9471
2026-07-27T08:00:00+00:00,1.151839999999998,1.152549999999998,1.151699999999998,1.152439999999998,7771
2026-07-27T09:00:00+00:00,1.152439999999998,1.152549999999998,1.1516899999999979,1.151869999999998,6006
2026-07-27T10:00:00+00:00,1.151869999999998,1.152369999999998,1.151579999999998,1.151759999999998,6815
2026-07-27T11:00:00+00:00,1.151759999999998,1.151829999999998,1.1507399999999979,1.150879999999998,6720
2026-07-27T12:00:00+00:00,1.150879999999998,1.151259999999998,1.1498599999999979,1.150559999999998,7939
2026-07-27T13:00:00+00:00,1.150559999999998,1.150879999999998,1.149469999999998,1.149639999999998,11117
2026-07-27T14:00:00+00:00,1.149639999999998,1.149909999999998,1.149099999999998,1.1494499999999979,9258
2026-07-27T15:00:00+00:00,1.1494499999999979,1.150039999999998,1.149059999999998,1.149729999999998,7423
2026-07-27T16:00:00+00:00,1.149729999999998,1.1507399999999979,1.149579999999998,1.150179999999998,6702
2026-07-27T17:00:00+00:00,1.150179999999998,1.150189999999998,1.149099999999998,1.1494499999999979,5341
2026-07-27T18:00:00+00:00,1.1494499999999979,1.149599999999998,1.148969999999998,1.149059999999998,5218
2026-07-27T19:00:00+00:00,1.149059999999998,1.149549999999998,1.148959999999998,1.149209999999998,3798
2026-07-27T20:00:00+00:00,1.149209999999998,1.1494499999999979,1.148919999999998,1.148919999999998,1530
2026-07-27T21:00:00+00:00,1.148919999999998,1.1493499999999979,1.148649999999998,1.149119999999998,5661.72559927039
2026-07-27T22:00:00+00:00,1.149119999999998,1.149329999999998,1.148879999999998,1.1491399999999978,1255.6307223978456
2026-07-27T23:00:00+00:00,1.1491399999999978,1.1492599999999977,1.1489899999999977,1.1491399999999978,1405
2026-07-28T00:00:00+00:00,1.1491399999999978,1.1496699999999977,1.1488899999999977,1.1496499999999978,4142
2026-07-28T01:00:00+00:00,1.1496499999999978,1.1499599999999977,1.1492799999999976,1.1495299999999977,4228
2026-07-28T02:00:00+00:00,1.1495299999999977,1.1500899999999978,1.1493499999999977,1.1499299999999977,3252
2026-07-28T03:00:00+00:00,1.1499299999999977,1.1502299999999976,1.1496099999999978,1.1496799999999978,4035
2026-07-28T04:00:00+00:00,1.1496799999999978,1.1496799999999978,1.1490299999999978,1.1490899999999977,2994
2026-07-28T05:00:00+00:00,1.1490899999999977,1.1491099999999976,1.1483899999999978,1.1488099999999977,4110
2026-07-28T06:00:00+00:00,1.1488099999999977,1.1495199999999977,1.1487199999999977,1.1490799999999977,6033
2026-07-28T07:00:00+00:00,1.1490799999999977,1.1495699999999978,1.1485499999999977,1.1486999999999978,6647
2026-07-28T08:00:00+00:00,1.1486999999999978,1.1494799999999978,1.1486899999999978,1.1494699999999978,6487
2026-07-28T09:00:00+00:00,1.1494699999999978,1.1495299999999977,1.1478099999999978,1.1478599999999977,4564
2026-07-28T10:00:00+00:00,1.1478599999999977,1.1485299999999978,1.1475499999999978,1.1482999999999977,5441
2026-07-28T11:00:00+00:00,1.1482999999999977,1.1489999999999978,1.1478999999999977,1.1487399999999977,6240
2026-07-28T12:00:00+00:00,1.1487399999999977,1.1490699999999978,1.1483099999999977,1.1488099999999977,5872
2026-07-28T13:00:00+00:00,1.1488099999999977,1.1496199999999976,1.1488099999999977,1.1494499999999976,8014
2026-07-28T14:00:00+00:00,1.1494499999999976,1.1508599999999978,1.1493599999999977,1.1507999999999978,9102
2026-07-28T15:00:00+00:00,1.1507999999999978,1.1524299999999978,1.1506199999999978,1.1522599999999978,12202
2026-07-28T16:00:00+00:00,1.1522599999999978,1.1527499999999977,1.1517999999999977,1.1517999999999977,6278
2026-07-28T17:00:00+00:00,1.1517999999999977,1.1520099999999978,1.1510499999999977,1.1511399999999978,5271
2026-07-28T18:00:00+00:00,1.1511399999999978,1.1513799999999978,1.1508399999999976,1.1508999999999978,3381
2026-07-28T19:00:00+00:00,1.1508999999999978,1.1514199999999977,1.1508499999999977,1.1509499999999977,3201
2026-07-28T20:00:00+00:00,1.1509499999999977,1.1511299999999978,1.1507599999999978,1.1508399999999976,1955
2026-07-28T21:00:00+00:00,1.1508399999999976,1.1514399999999978,1.1507599999999978,1.1511699999999978,659.2208916728077
2026-07-28T22:00:00+00:00,1.1511699999999978,1.1513399999999978,1.1506399999999977,1.1507599999999978,2208
2026-07-28T23:00:00+00:00,1.1507599999999978,1.1508599999999978,1.1504499999999978,1.1508199999999977,2283
2026-07-29T00:00:00+00:00,1.1508199999999977,1.1513699999999978,1.1504999999999976,1.1513199999999977,5151
2026-07-29T01:00:00+00:00,1.1513199999999977,1.1514699999999978,1.1507599999999978,1.1513699999999978,6300
2026-07-29T02:00:00+00:00,1.1513699999999978,1.1518099999999978,1.1512599999999977,1.1516899999999977,3735
2026-07-29T03:00:00+00:00,1.1516899999999977,1.1522999999999977,1.1516599999999977,1.1519199999999978,3158
2026-07-29T04:00:00+00:00,1.1519199999999978,1.1525899999999978,1.1518599999999977,1.1523299999999976,3913
2026-07-29T05:00:00+00:00,1.1523299999999976,1.1525099999999977,1.1519899999999978,1.1520599999999976,3646
2026-07-29T06:00:00+00:00,1.1520599999999976,1.1523099999999977,1.1512099999999978,1.1514199999999977,5510
2026-07-29T07:00:00+00:00,1.1514199999999977,1.1523299999999976,1.1512499999999977,1.1519999999999977,6039
2026-07-29T08:00:00+00:00,1.1519999999999977,1.1522699999999977,1.1515499999999979,1.1518699999999977,5640
2026-07-29T09:00:00+00:00,1.1518699999999977,1.1519099999999978,1.1514099999999978,1.1514399999999978,5008
2026-07-29T10:00:00+00:00,1.1514399999999978,1.1515399999999978,1.1505799999999977,1.1507899999999978,5538
2026-07-29T11:00:00+00:00,1.1507899999999978,1.1510999999999978,1.1502799999999977,1.1504699999999977,5232
2026-07-29T12:00:00+00:00,1.1504699999999977,1.1505499999999977,1.1497199999999976,1.1500899999999976,7742
2026-07-29T13:00:00+00:00,1.1500899999999976,1.1514899999999977,1.1499099999999978,1.1514299999999977,7812
2026-07-29T14:00:00+00:00,1.1514299999999977,1.1519599999999977,1.1503299999999976,1.1503299999999976,10363
2026-07-29T15:00:00+00:00,1.1503299999999976,1.1507999999999978,1.1500399999999977,1.1505399999999977,7740
2026-07-29T16:00:00+00:00,1.1505399999999977,1.1508399999999976,1.1499199999999976,1.1507699999999976,4781
2026-07-29T17:00:00+00:00,1.1507699999999976,1.1522299999999976,1.1507099999999977,1.1517999999999977,5640
2026-07-29T18:00:00+00:00,1.1517999999999977,1.1574699999999978,1.1512699999999978,1.1574399999999978,31170
2026-07-29T19:00:00+00:00,1.1574399999999978,1.1589099999999977,1.1562499999999978,1.1570499999999977,25026
2026-07-29T20:00:00+00:00,1.1570499999999977,1.1593599999999977,1.1569399999999976,1.1585499999999977,6368
2026-07-29T21:00:00+00:00,1.1585499999999977,1.1586699999999976,1.1573599999999977,1.1582299999999977,3145.288222165499
2026-07-29T22:00:00+00:00,1.1582299999999977,1.1593699999999978,1.1582299999999977,1.159359999999998,2948.340796697948
2026-07-29T23:00:00+00:00,1.159359999999998,1.159729999999998,1.1586699999999979,1.1589299999999978,3119
2026-07-30T00:00:00+00:00,1.1589299999999978,1.159049999999998,1.157829999999998,1.158029999999998,7426
2026-07-30T01:00:00+00:00,1.158029999999998,1.1583499999999978,1.1574799999999978,1.157559999999998,4615
2026-07-30T02:00:00+00:00,1.157559999999998,1.157769999999998,1.1573799999999979,1.1575099999999978,3024
2026-07-30T03:00:00+00:00,1.1575099999999978,1.157659999999998,1.157019999999998,1.157219999999998,3182
2026-07-30T04:00:00+00:00,1.157219999999998,1.157629999999998,1.157149999999998,1.157329999999998,2455
2026-07-30T05:00:00+00:00,1.157329999999998,1.1579199999999978,1.1571299999999978,1.1572399999999978,4319
2026-07-30T06:00:00+00:00,1.1572399999999978,1.1573799999999979,1.1565599999999978,1.156919999999998,6562
2026-07-30T07:00:00+00:00,1.156919999999998,1.1573499999999979,1.155669999999998,1.1559899999999979,8848
2026-07-30T08:00:00+00:00,1.1559899999999979,1.1577099999999978,1.155939999999998,1.1569699999999978,8322
2026-07-30T09:00:00+00:00,1.1569699999999978,1.1589099999999977,1.1569699999999978,1.1586299999999978,7413
2026-07-30T10:00:00+00:00,1.1586299999999978,1.1605599999999978,1.1582899999999978,1.1594399999999978,13055
2026-07-30T11:00:00+00:00,1.1594399999999978,1.1599499999999978,1.1586499999999977,1.1597299999999977,6973
2026-07-30T12:00:00+00:00,1.1597299999999977,1.1604899999999978,1.1590799999999977,1.1593999999999978,13209
2026-07-30T13:00:00+00:00,1.1593999999999978,1.1645399999999977,1.1591099999999976,1.1645299999999976,24723
2026-07-30T14:00:00+00:00,1.1645299999999976,1.1658399999999978,1.1624099999999977,1.1624499999999978,32577
2026-07-30T15:00:00+00:00,1.1624499999999978,1.1646399999999977,1.1620199999999978,1.1642599999999976,12312
2026-07-30T16:00:00+00:00,1.1642599999999976,1.1651999999999978,1.1642599999999976,1.1649999999999978,8961
2026-07-30T17:00:00+00:00,1.1649999999999978,1.1652299999999978,1.1635299999999977,1.1651099999999976,11135
2026-07-30T18:00:00+00:00,1.1651099999999976,1.1656999999999977,1.1648999999999978,1.1656899999999977,7589
2026-07-30T19:00:00+00:00,1.1656899999999977,1.1657199999999976,1.1649699999999976,1.1652699999999978,5314
2026-07-30T20:00:00+00:00,1.1652699999999978,1.1654199999999977,1.1646899999999978,1.1648499999999977,2343
2026-07-30T21:00:00+00:00,1.1648499999999977,1.1648499999999977,1.1643399999999977,1.1646499999999977,415.18035734706643
2026-07-30T22:00:00+00:00,1.1646499999999977,1.1652599999999977,1.1646499999999977,1.1649999999999978,2685
2026-07-30T23:00:00+00:00,1.1649999999999978,1.1652399999999978,1.1643799999999978,1.1644499999999978,3458
2026-07-31T00:00:00+00:00,1.1644499999999978,1.1647999999999978,1.1636699999999978,1.1639499999999978,8204
2026-07-31T01:00:00+00:00,1.1639499999999978,1.1642799999999978,1.1631499999999977,1.1631599999999978,6907
2026-07-31T02:00:00+00:00,1.1631599999999978,1.1637799999999978,1.1631599999999978,1.1633399999999978,4785
2026-07-31T03:00:00+00:00,1.1633399999999978,1.1635099999999978,1.1627799999999977,1.1634799999999976,5207
2026-07-31T04:00:00+00:00,1.1634799999999976,1.1635599999999977,1.1625899999999978,1.1629699999999978,3758
2026-07-31T05:00:00+00:00,1.1629699999999978,1.1631199999999977,1.1626299999999978,1.1627799999999977,4926
2026-07-31T06:00:00+00:00,1.1627799999999977,1.1643699999999977,1.1626899999999978,1.1638499999999978,10223
2026-07-31T07:00:00+00:00,1.1638499999999978,1.1646399999999977,1.1632999999999978,1.1635899999999977,9110
2026-07-31T08:00:00+00:00,1.1635899999999977,1.1647699999999976,1.1625899999999978,1.1643199999999978,10697
2026-07-31T09:00:00+00:00,1.1643199999999978,1.1646399999999977,1.1624699999999977,1.1626899999999978,13322
2026-07-31T10:00:00+00:00,1.1626899999999978,1.1629699999999978,1.1622599999999976,1.1623499999999978,6450
2026-07-31T11:00:00+00:00,1.1623499999999978,1.1623499999999978,1.1606299999999978,1.1606799999999977,7586
2026-07-31T12:00:00+00:00,1.1606799999999977,1.1612299999999978,1.1602999999999977,1.1609799999999977,7421
2026-07-31T13:00:00+00:00,1.1609799999999977,1.1625099999999977,1.1576799999999978,1.1588199999999977,22808
2026-07-31T14:00:00+00:00,1.1588199999999977,1.1627799999999977,1.1584099999999977,1.1626199999999978,21953
2026-07-31T15:00:00+00:00,1.1626199999999978,1.1640099999999978,1.1618699999999977,1.1639599999999977,15322
2026-07-31T16:00:00+00:00,1.1639599999999977,1.1640599999999977,1.1633799999999976,1.1638599999999977,8611
2026-07-31T17:00:00+00:00,1.1638599999999977,1.1659099999999978,1.1638499999999978,1.1654899999999977,13879
2026-07-31T18:00:00+00:00,1.1654899999999977,1.1657799999999978,1.1645799999999977,1.1652299999999978,7954
2026-07-31T19:00:00+00:00,1.1652299999999978,1.1657599999999977,1.1648599999999978,1.1652899999999977,5347
2026-07-31T20:00:00+00:00,1.1652899999999977,1.1668799999999977,1.1645499999999978,1.1649199999999977,12393
